districtId,district_name,SES_highschool_dropouts,SES_residence_vacancies,SES_unemployment,RUR_surrounding_pop,SES_average_income,RUR_distance_to_urban_centers,SES_male_life_expectancy,SES_female_life_expectancy,SES_average_salary,RUR_area_share_farms_forests,RUR_settlement_density,SES_communal_tax_revenue,SES_net_migration,Baulandpreise,population_density,primary_care_capacity,hospital_capacity,share_of_nursing_home_care,average_living_area,RUR_share_of_1_2_family_homes,total_population,population_60_plus,average_age,average_household_size,share_female
1001,"Flensburg, Stadt",7.6,26.5,11.5,187.0,2867.0,1.5466666666666697,75.2,80.1,2235.0,32.5,2860.2,619,9.6,105.6,1493,66.1,101.9,40.6,44.1,71.9,82258,9249,42.7,1.8,0.5072333390065404
1002,KS Kiel,7.4,25.7,10.5,408.0,3129.0,1.3908333333333303,77.1,82.1,2496.2,35.6,3788.3,590,8.6,194.7,2049,65.0,93.2,34.4,38.4,67.1,235782,24082,41.3,1.9,0.518601928900425
1003,KS Lübeck,9.9,29.3,10.6,403.0,2885.0,2.01333333333333,77.3,82.1,2327.3,46.9,2720.6,574,8.8,120.7,1001,62.0,80.2,47.3,39.2,75.5,210305,25790,44.2,1.9,0.5252989705427831
1004,"Neumünster, Stadt",7.4,33.9,11.1,306.0,2699.0,1.58833333333333,76.3,81.0,2295.7,46.8,2160.7,600,5.4,89.2,1083,55.4,87.4,39.9,42.5,81.7,77249,9497,43.5,2.0,0.5118383409493974
1051,Dithmarschen,9.8,31.5,8.0,111.0,2749.0,64.83166666666669,77.2,81.6,2152.4,79.9,846.4,599,2.4,37.1,93,61.8,53.0,39.1,51.5,93.8625,133900,17739,44.1,2.2,0.5106198655713219
1053,Herzogtum Lauenburg,7.7,29.9,6.2,349.0,2676.0,26.614166666666698,78.8,82.8,2211.6,83.8,1320.9,629,8.0,107.9,151,52.4,31.6,36.8,45.6,90.99285714285709,187138,22976,43.6,2.3,0.513856084814415
1054,Nordfriesland,7.3,22.4,7.0,75.0,2619.0,47.4483333333333,77.9,82.5,2194.7,81.1,740.5,696,1.8,129.8,78,63.5,44.9,37.0,54.3,92.67692307692309,163665,20922,43.8,2.2,0.5140011609079522
1055,Ostholstein,8.5,24.6,6.8,149.0,2480.0,41.206666666666706,78.0,82.4,2020.8,82.3,1221.3,583,6.1,110.1,142,63.0,90.1,44.2,50.1,89.455,198413,28719,46.1,2.1,0.5198651298050027
1056,Pinneberg,6.1,21.1,5.6,624.0,2864.0,22.235,78.8,83.1,2421.1,70.6,2133.0,794,9.1,212.4,458,50.0,32.0,37.0,44.2,90.28947368421049,296341,36302,43.6,2.2,0.5139180876085321
1057,Plön,8.0,26.0,5.9,205.0,2610.0,22.998333333333303,79.3,82.9,1978.1,79.6,1243.7,622,2.4,122.3,117,63.8,17.7,34.1,48.2,92.7692307692308,127676,17519,45.0,2.3,0.5168473323099094
1058,Rendsburg-Eckernförde,7.4,33.9,5.7,213.0,2778.0,24.065,78.6,82.8,2173.6,83.3,1090.4,605,2.6,88.3,123,62.9,40.6,38.7,48.5,92.4,269364,34104,43.5,2.3,0.5104468303114001
1059,Schleswig-Flensburg,7.6,26.5,8.1,132.0,2565.0,25.696666666666697,78.4,82.3,2030.6,82.4,880.2,541,2.5,69.3,94,59.8,34.1,42.6,50.4,93.3944444444444,196025,25256,43.5,2.3,0.5071802066063003
1060,Segeberg,6.7,22.8,5.1,391.0,2816.0,22.485,79.0,82.8,2381.4,83.6,1477.5,733,6.1,87.3,197,54.0,64.1,44.8,44.9,91.9266666666667,260665,31393,43.0,2.3,0.5108549287399535
1061,Steinburg,8.6,42.0,6.1,246.0,2815.0,42.301666666666705,77.1,81.9,2213.9,82.0,1120.4,650,2.3,70.9,123,62.2,48.6,39.2,46.8,91.9,130783,16227,43.6,2.2,0.5090493412752422
1062,Stormarn,5.2,21.4,4.2,596.0,2873.0,17.5208333333333,79.6,83.3,2444.0,80.0,1791.4,901,9.3,189.9,309,57.9,48.3,46.2,45.6,91.23333333333339,230555,29079,43.9,2.3,0.5156210014963891
2000,"KS Hamburg, Freie und Hansesta",6.0,15.8,7.7,2043.0,3444.0,1.97666666666667,78.5,83.2,3103.9,31.3,3905.7,1156,7.6,666.3,2334,66.0,65.0,31.5,38.9,67.4,1706696,180301,41.9,1.9,0.5163456174971993
3101,KS Braunschweig,5.5,31.9,7.7,497.0,3247.0,1.30666666666667,77.6,83.1,2675.9,49.8,2751.0,815,8.3,152.9,1293,56.3,80.6,34.7,43.8,68.8,242537,27134,43.0,1.9,0.5129485398104207
3102,"Salzgitter, Stadt",3.8,71.85,9.3,383.0,3785.0,1.505,76.2,81.4,3042.0,68.2,1542.0,795,3.8,71.2,442,65.7,46.8,28.1,46.0,75.6,98895,13056,44.6,2.1,0.5144850599120279
3103,KS Wolfsburg,4.2,38.1,5.4,310.0,4504.0,1.925,78.3,82.9,4039.1,65.4,1927.9,1846,8.8,107.6,603,50.4,46.7,29.1,45.1,80.2,119984,15387,44.2,2.1,0.5103763835178023
3151,Gifhorn,4.8,30.5,5.5,199.0,2907.0,24.9516666666667,78.2,83.6,2059.4,85.8,1022.5,592,2.6,67.7,110,46.4,26.4,23.6,51.1,94.44,171331,18790,41.9,2.5,0.5032889552970565
3153,Goslar,6.7,69.7,9.2,195.0,2727.0,25.0266666666667,77.1,82.1,2224.1,87.0,1305.9,542,2.7,45.4,142,64.1,80.4,39.3,51.2,83.9,140137,19884,46.6,2.0,0.5143823544103271
3154,Helmstedt,5.6,69.5,7.8,228.0,2536.0,13.73,76.1,81.2,2122.0,84.0,1118.8,503,4.5,75.3,135,51.7,85.0,39.7,51.3,89.6777777777778,91410,11837,45.1,2.2,0.5097363526966415
3155,Northeim,5.2,64.9,7.3,205.0,2757.0,30.6791666666667,77.3,82.1,2229.1,87.2,914.5,577,-0.9,42.8,106,79.2,33.4,30.1,52.0,90.0181818181818,137446,18353,45.4,2.3,0.5106878337674432
3157,Peine,3.9,39.6,6.4,387.0,2800.0,16.555,77.6,82.1,2150.1,79.3,1362.8,577,3.8,83.2,244,52.1,23.9,33.8,50.1,92.825,130398,15373,43.3,2.3,0.5106059908894308
3158,Wolfenbüttel,3.8,71.85,6.5,300.0,2786.0,12.876666666666699,78.1,82.2,2094.6,86.5,1379.6,599,3.0,115.7,166,47.5,24.7,33.6,51.2,91.65,120773,15346,44.4,2.2,0.5092032159505849
3159,Göttingen,4.65,53.3,7.85,199.5,2888.5,27.23125,77.25,82.2,2330.5,85.4,1296.9,599,1.4,50.45,170,68.95,91.9,37.25,49.6,87.9636904761905,324823,39155,44.75,2.1,0.5136489719016203
3241,Region Hannover,4.9,33.0,8.5,468.0,3194.0,17.4066666666667,78.4,83.4,2682.2,73.5,2216.4,814,6.9,166.1,492,59.5,62.6,33.2,45.2,85.9,1102242,128196,43.2,2.0,0.5169200592973231
3251,Diepholz,4.4,31.2,4.6,227.0,2669.0,44.7391666666667,78.2,82.8,2074.2,84.5,837.3,736,4.4,64.7,106,47.8,22.9,28.9,51.6,93.9933333333333,211184,25847,43.6,2.4,0.5045410637169483
3252,Hameln-Pyrmont,6.5,60.7,8.3,310.0,2970.0,40.9058333333333,76.9,82.1,2372.5,83.9,1302.8,622,1.4,57.7,186,69.0,75.0,33.3,51.9,86.9875,150259,19849,45.4,2.1,0.5205278885125018
3254,Hildesheim,5.7,49.8,7.9,338.0,2885.0,15.615,77.3,82.5,2264.8,82.6,1473.0,604,1.7,102.4,228,63.7,66.8,33.0,48.8,90.5263157894737,277594,34393,44.0,2.2,0.5176408712003862
3255,Holzminden,6.6,72.8,8.3,216.0,2934.0,50.4,76.4,80.9,2363.7,87.4,959.2,605,-0.6,-99.0,103,68.6,29.5,32.3,53.3,88.8833333333333,73547,10290,45.5,2.3,0.5098236501828762
3256,Nienburg (Weser),5.9,43.1,6.2,214.0,2671.0,51.695,77.2,82.1,2172.8,84.3,749.3,598,0.8,41.7,86,53.5,26.5,31.0,51.3,93.11,122242,14316,43.3,2.4,0.5044338279805631
3257,Schaumburg,3.5,57.5,7.6,346.0,2750.0,35.0566666666667,77.6,82.6,2127.4,79.9,1283.0,550,2.8,-99.0,231,61.6,41.2,37.1,51.3,88.65,157497,20487,44.8,2.2,0.5151526695746586
3351,Celle,5.6,42.8,7.9,202.0,2984.0,18.8708333333333,77.4,82.6,2346.2,85.1,977.4,615,2.6,53.9,114,56.8,36.8,34.5,50.9,93.5,176690,21938,43.7,2.3,0.5124285471730149
3352,Cuxhaven,7.0,34.8,6.3,178.0,2670.0,27.8316666666667,77.4,82.1,1991.8,84.5,855.8,507,2.8,45.7,96,53.9,35.7,30.1,51.9,94.1538461538462,198778,26948,44.7,2.3,0.5118926641781284
3353,Harburg,3.2,21.2,5.0,454.0,2632.0,21.603333333333303,78.9,83.4,2103.7,80.8,1190.5,705,8.8,84.6,197,47.3,30.5,29.9,50.1,93.1666666666667,238442,29418,43.5,2.3,0.5143934373977739
3354,Lüchow-Dannenberg,6.1,48.6,10.6,71.0,2485.0,59.465,76.2,80.0,1959.7,89.1,491.0,489,4.3,-99.0,40,69.8,22.6,31.0,56.2,94.5,49205,7271,46.2,2.3,0.5095823595163094
3355,Lüneburg,4.0,24.9,6.6,207.0,2728.0,18.945,77.6,82.7,2165.7,84.1,1175.4,582,7.4,82.8,135,66.2,48.1,36.5,46.8,92.2727272727273,174123,18844,41.8,2.2,0.5144524273071335
3356,Osterholz,5.0,27.2,4.6,358.0,2580.0,19.154166666666697,77.7,82.0,1985.7,80.1,1112.0,577,5.0,69.0,171,53.8,19.0,33.5,50.1,94.74285714285709,110907,13815,43.8,2.3,0.5107161856330078
3357,Rotenburg (Wümme),4.9,29.2,4.6,214.0,2689.0,40.185,77.7,82.7,2086.2,87.2,718.4,589,0.9,48.8,78,55.0,61.0,28.1,51.5,95.22307692307692,162726,18540,42.1,2.4,0.5009217949190664
3358,Heidekreis,6.5,41.2,7.0,173.0,2757.0,39.6091666666667,77.4,82.5,2168.7,74.9,768.4,563,2.6,45.3,73,49.9,36.1,32.2,50.4,92.4384615384616,136693,16673,43.4,2.3,0.5079630997929667
3359,Stade,4.8,27.7,6.4,329.0,2954.0,74.65,78.0,82.4,2256.7,79.8,1275.6,650,4.8,91.3,156,48.6,46.1,29.8,48.1,93.7545454545455,195450,22836,42.4,2.3,0.5027116909695575
3360,Uelzen,4.0,46.4,7.4,127.0,2586.0,33.9,76.7,81.1,2018.3,86.5,721.4,569,3.6,26.6,64,61.6,86.9,42.1,52.8,92.6166666666667,93595,12442,45.2,2.2,0.5145039799134569
3361,Verden,4.2,27.2,5.7,264.0,2801.0,24.0433333333333,78.7,82.5,2318.0,82.0,1119.5,755,3.9,93.6,169,60.8,19.7,34.7,50.7,92.9625,132300,15957,43.0,2.3,0.5123507180650038
3401,"Delmenhorst, Stadt",4.4,31.2,10.6,513.0,2724.0,10.1916666666667,77.3,82.2,1879.8,48.0,2486.2,506,7.0,94.2,1200,52.1,63.6,22.2,45.5,88.0,73322,9225,43.6,2.1,0.5107471154632989
3402,"Emden, Stadt",8.4,26.0,9.3,194.0,3438.0,75.1316666666667,74.1,79.1,2705.3,62.3,1599.7,941,3.5,80.4,445,64.0,70.0,25.9,45.0,87.1,49787,5889,42.5,2.1,0.5115190712434973
3403,KS Oldenburg (Oldenburg),5.0,15.6,8.5,369.0,2960.0,1.77583333333333,78.3,82.9,2362.0,36.0,2612.1,708,6.2,196.0,1562,62.8,104.5,31.2,47.9,83.8,157267,16221,41.8,2.0,0.5256347485486466
3404,KS Osnabrück,4.8,29.1,8.3,449.0,3048.0,1.4133333333333302,77.9,82.7,2321.5,48.0,2634.5,750,6.4,195.1,1310,72.7,126.5,32.4,45.2,70.1,153699,16043,42.3,2.0,0.5241738723088635
3405,"Wilhelmshaven, Stadt",4.4,41.7,12.6,188.0,3031.0,1.97333333333333,75.4,80.8,2356.3,48.7,1561.9,528,1.1,-99.0,707,71.5,87.8,32.8,48.0,69.9,77451,10556,45.4,1.9,0.509651263379427
3451,Ammerland,3.3,19.8,4.8,242.0,2652.0,18.915833333333303,78.6,83.3,2186.4,79.6,963.0,615,8.0,75.7,165,59.2,67.6,29.8,52.2,95.1333333333333,117912,14404,43.0,2.3,0.510626568966687
3452,Aurich,8.4,26.0,7.9,149.0,2573.0,59.118333333333304,76.5,81.5,1921.1,78.4,994.9,714,4.9,50.9,146,62.2,36.8,18.1,51.9,92.8066666666667,187135,22950,43.0,2.3,0.5117268282256126
3453,Cloppenburg,5.2,17.8,5.7,191.0,2512.0,35.01,77.2,83.0,2008.2,82.3,822.0,586,4.9,57.9,115,51.1,30.5,23.2,48.2,96.2076923076923,159337,14381,39.1,2.8,0.49655133459271855
3454,Emsland,4.6,17.9,3.8,197.0,2828.0,59.6683333333333,78.0,83.0,2176.8,81.5,808.9,654,4.5,44.7,110,51.9,55.1,17.2,50.4,96.3,311089,32214,40.9,2.6,0.4972242670104054
3455,Friesland,4.4,41.7,6.4,168.0,2695.0,20.3575,77.8,82.0,2119.7,80.3,972.2,508,1.9,69.5,160,61.9,46.8,31.1,53.3,92.1625,98229,13430,44.6,2.2,0.51277117755449
3456,Grafschaft Bentheim,6.2,18.2,4.7,283.0,2686.0,64.9466666666667,78.8,83.2,2023.7,81.6,959.0,571,2.7,77.6,137,59.6,44.6,25.9,49.5,96.37142857142858,133395,14954,41.8,2.5,0.5037295250946437
3457,Leer,8.0,24.2,7.0,191.0,2622.0,49.8766666666667,77.0,81.5,1922.1,75.9,1015.2,492,6.2,45.5,153,55.5,42.2,23.5,50.7,95.7833333333333,163832,18996,42.2,2.4,0.5066287416377753
3458,Oldenburg (Oldenburg),4.9,21.8,4.9,295.0,2538.0,19.163333333333302,78.6,82.3,2000.3,83.6,838.4,638,6.3,70.2,119,51.3,18.8,34.3,50.1,95.425,125014,14648,42.8,2.4,0.5073511766682132
3459,Osnabrück,4.9,31.0,4.2,304.0,2680.0,24.913333333333302,78.8,83.3,2113.4,82.8,1123.3,631,2.2,66.7,166,62.1,47.7,30.6,47.8,89.7857142857143,350147,37960,41.9,2.5,0.5074040331632143
3460,Vechta,5.9,14.5,3.9,215.0,2675.0,34.2366666666667,79.1,83.1,2137.3,80.3,1009.0,792,6.1,76.5,168,47.7,66.1,26.7,49.6,95.71,132294,11731,39.1,2.7,0.5002721211846343
3461,Wesermarsch,3.8,36.9,7.5,250.0,3264.0,25.588333333333303,76.7,81.2,2510.6,82.8,920.1,696,0.8,48.2,108,58.6,24.6,35.2,50.0,92.94444444444441,90035,11381,43.8,2.2,0.5036041539401344
3462,Wittmund,4.7,27.1,7.2,136.0,2483.0,31.6916666666667,76.7,81.3,1894.7,82.6,801.4,557,2.9,41.9,86,60.1,29.0,24.3,52.0,91.1166666666667,56839,7375,43.6,2.3,0.5134678653741269
4011,KS Bremen,5.9,30.4,10.6,763.0,3331.0,2.12083333333333,77.6,82.7,2651.9,31.8,2878.3,756,5.9,168.5,1695,62.7,73.7,29.7,41.3,77.4,542707,62522,43.2,2.0,0.5146884046087483
4012,KS Bremerhaven,5.9,64.1,15.4,245.0,3041.0,2.49833333333333,74.4,81.2,2558.0,24.1,2499.6,590,8.0,66.4,1174,49.0,97.3,20.6,43.2,73.4,108156,13675,43.8,1.9,0.5125559377195902
5111,KS Düsseldorf,5.8,28.8,9.0,1884.0,3690.0,1.88833333333333,78.6,82.9,3321.5,32.3,4627.2,1250,7.1,633.7,2781,62.7,84.8,28.3,41.0,50.1,586291,63857,42.9,1.9,0.5198851764737988
5112,KS Duisburg,7.0,53.9,13.0,1710.0,3326.0,1.295,76.5,81.5,2808.0,27.8,3354.1,546,1.4,365.8,2085,52.5,93.1,25.7,38.8,60.3,488468,56029,43.2,2.1,0.5131103777524832
5113,KS Essen,6.8,44.4,12.3,2023.0,3304.0,1.24333333333333,76.9,82.0,2819.9,29.5,4034.8,710,8.3,270.9,2728,55.1,98.1,35.9,40.5,54.9,566201,66988,44.1,1.9,0.5218429497651894
5114,KS Krefeld,6.4,47.7,11.0,1401.0,3352.0,1.33,77.4,82.0,2824.7,40.9,2899.3,728,3.3,198.7,1615,68.3,90.6,22.2,43.7,72.4,222247,26688,43.7,2.0,0.5196650573461059
5116,KS Mönchengladbach,6.8,46.7,11.4,1087.0,2950.0,1.27833333333333,76.8,81.9,2451.2,49.3,3057.7,690,4.4,160.7,1507,63.5,84.6,23.1,43.6,74.4,255188,29729,43.3,2.1,0.5150202987601298
5117,KS Mülheim a.d.Ruhr,3.9,37.7,8.1,1834.0,3373.0,6.925,77.8,82.2,2825.4,42.1,3289.7,741,4.7,241.7,1831,53.3,53.9,32.2,44.3,65.1,166865,21482,45.3,2.0,0.5255745662661433
5119,KS Oberhausen,5.6,41.0,11.8,1626.0,3145.0,6.115,76.2,81.4,2506.6,22.0,3574.5,577,2.8,277.2,2715,51.1,69.8,25.5,40.2,62.5,210215,24735,43.9,2.0,0.5143638655662061
5120,KS Remscheid,5.1,63.6,9.1,1274.0,3177.0,9.67916666666667,76.9,81.8,2706.5,54.1,3313.9,762,-1.0,128.1,1463,61.5,96.0,23.1,43.3,68.3,110708,13584,43.9,2.1,0.5139465982584818
5122,KS Solingen,5.3,51.0,8.8,1605.0,2938.0,14.25,78.2,81.8,2450.8,49.9,3600.8,727,6.0,179.5,1751,60.0,73.0,30.0,42.4,69.5,155265,18096,43.5,2.1,0.5212636460245387
5124,KS Wuppertal,5.9,56.9,11.4,1659.0,3191.0,1.445,77.2,82.2,2644.9,48.4,4175.2,690,4.9,179.7,2051,58.8,59.9,31.1,42.9,58.8,342661,39714,43.4,2.0,0.5191253162746855
5154,Kleve,5.6,25.5,6.1,587.0,2748.0,41.4283333333333,78.1,82.6,2129.8,78.8,1487.6,616,5.8,112.7,247,50.2,58.9,25.2,47.0,92.29375,300990,33522,42.5,2.3,0.5074886208844147
5158,Mettmann,4.6,30.6,6.9,1709.0,3291.0,8.86166666666667,78.7,82.9,2931.7,57.0,2939.5,1128,3.1,204.5,1173,56.9,49.8,30.8,44.5,77.85,477777,61133,44.6,2.1,0.5201861956519465
5162,Neuss,3.9,25.3,6.3,1345.0,3263.0,10.6433333333333,79.0,83.1,2885.5,61.0,2471.6,852,4.9,186.0,768,56.0,46.5,23.1,44.7,86.5625,437393,51511,43.5,2.2,0.5163159904250868
5166,Viersen,4.5,29.7,7.2,914.0,2882.0,11.39,78.7,82.2,2352.0,71.9,2039.3,695,2.3,168.0,524,54.2,48.4,22.2,45.8,89.9,296176,34329,43.3,2.3,0.5152747015288207
5170,Wesel,4.6,26.9,7.4,863.0,2894.0,26.2033333333333,78.1,83.0,2262.8,71.5,1921.5,632,1.9,161.9,439,49.9,54.9,23.4,43.7,86.8846153846154,460420,55892,44.0,2.2,0.5152056817688198
5314,KS Bonn,3.9,27.3,7.0,984.0,3621.0,1.4291666666666698,79.6,84.3,3073.2,44.4,4396.3,881,5.9,295.6,2226,68.8,131.1,32.0,42.6,68.4,305765,29767,41.2,2.0,0.527558746095858
5315,KS Köln,5.0,24.6,9.7,1905.0,3506.0,1.52333333333333,78.4,82.7,3036.7,33.7,4237.6,919,8.6,331.6,2584,64.1,69.8,26.8,39.0,59.6,1005775,101182,41.3,1.9,0.5151122268897119
5316,KS Leverkusen,3.7,27.6,8.1,1596.0,3951.0,12.753333333333302,78.8,83.3,3334.5,35.6,3434.3,742,5.8,288.6,2048,62.5,67.8,25.0,41.0,71.9,158984,19408,43.7,2.1,0.5174231369194384
5334,Städteregion Aachen,4.5,31.0,8.9,625.0,3158.0,12.338333333333301,78.6,82.8,2525.4,69.9,2831.3,686,4.9,139.1,775,63.7,73.5,23.5,42.4,85.02,539515,59167,42.2,2.0,0.5038655088366403
5358,Düren,4.2,35.1,8.0,672.0,3110.0,23.84,77.8,82.5,2312.2,77.3,1677.4,631,3.0,123.0,275,63.7,70.3,23.0,46.7,92.4133333333333,258761,29978,42.9,2.3,0.5087204022244465
5362,Erftkreis,4.8,29.3,7.7,1053.0,3074.0,15.295833333333302,78.7,82.6,2612.3,65.9,2399.5,741,5.9,176.8,652,55.7,30.3,24.9,44.9,86.63,451515,52338,43.0,2.2,0.5148201056443308
5366,Euskirchen,4.0,36.1,6.4,369.0,2914.0,43.2666666666667,77.6,82.2,2304.9,85.0,1118.3,615,3.6,106.2,151,60.6,58.1,27.2,49.3,93.8909090909091,187939,21831,43.1,2.3,0.5088140300842294
5370,Heinsberg,5.5,33.6,7.5,765.0,2779.0,22.766666666666698,78.1,82.3,2105.0,75.0,1712.0,568,3.7,108.6,397,57.8,39.9,25.0,48.1,94.0,248161,27600,42.6,2.4,0.5095442071880755
5374,Oberbergischer Kreis,4.0,45.2,6.3,704.0,3142.0,29.635,78.0,82.5,2515.7,78.0,1490.7,734,0.1,105.4,295,51.7,58.1,28.2,46.7,88.8846153846154,273011,30892,42.6,2.3,0.5133895703836109
5378,Rheinisch-Bergischer Kreis,3.7,32.2,6.4,1219.0,3040.0,16.5008333333333,79.8,83.4,2355.9,73.4,2605.8,715,3.6,193.7,639,57.2,41.9,26.4,47.9,87.25,278182,34573,44.0,2.2,0.5169637144028011
5382,Rhein-Sieg-Kreis,4.7,27.6,5.8,764.0,2914.0,18.045833333333302,79.5,83.6,2277.5,73.7,2158.1,687,4.6,170.5,508,56.5,25.9,25.0,47.3,89.74736842105258,578252,66790,42.6,2.3,0.5140129217019569
5512,KS Bottrop,5.2,32.3,8.6,1686.0,3064.0,13.531666666666698,76.8,81.8,2333.6,52.0,2628.8,529,1.5,186.6,1153,51.7,60.7,27.3,41.2,71.6,117311,13108,43.8,2.1,0.5176752393211208
5513,KS Gelsenkirchen,9.3,66.3,14.4,1692.0,3074.0,10.456666666666699,75.8,80.7,2548.2,22.2,3296.4,455,2.9,182.8,2455,53.6,68.0,25.7,38.8,51.5,258766,29514,43.3,2.0,0.5106234976774383
5515,KS Münster (Westf.),4.4,21.2,6.0,639.0,3241.0,1.8316666666666699,80.1,84.4,2719.3,63.5,2976.1,887,16.1,221.3,996,65.2,123.0,35.7,43.5,72.9,289576,25684,40.5,2.0,0.5234722490814155
5554,Borken,4.8,19.3,4.4,475.0,2940.0,42.4366666666667,78.4,83.3,2239.0,81.0,1505.5,683,0.7,109.9,257,54.2,52.5,24.6,44.6,92.78235294117648,363754,36529,40.7,2.5,0.5045992621386981
5558,Coesfeld,3.4,22.3,3.4,575.0,2825.0,21.8266666666667,79.1,83.3,2165.9,84.2,1410.8,640,1.4,139.5,194,59.3,39.6,34.6,46.1,91.6090909090909,215269,22702,42.0,2.4,0.5108817340165096
5562,Recklinghausen,6.0,38.4,11.0,1094.0,2995.0,21.3483333333333,77.3,82.4,2412.8,63.2,2466.0,562,1.3,147.7,806,52.2,80.7,26.4,43.4,76.64,619382,73841,44.1,2.1,0.5156204087299922
5566,Steinfurt,4.6,25.1,4.8,367.0,2839.0,22.7458333333333,79.0,83.7,2247.3,80.0,1364.5,612,2.2,107.4,243,62.7,52.3,28.9,46.0,93.1208333333333,433660,45811,41.6,2.5,0.5074297837015174
5570,Warendorf,3.4,29.4,5.8,462.0,3043.0,25.05,78.8,83.8,2404.8,83.3,1433.0,678,1.2,112.8,207,57.8,56.0,29.6,45.8,89.8461538461538,273477,30488,42.3,2.4,0.5108729436113457
5711,KS Bielefeld,4.5,31.9,9.6,719.0,3137.0,1.20166666666667,78.7,83.5,2578.0,56.4,2986.7,690,2.9,137.7,1274,54.6,120.3,27.0,41.4,70.2,326870,35245,42.1,2.1,0.5187352770214458
5754,Gütersloh,4.1,28.7,5.2,492.0,3041.0,18.4375,79.0,83.6,2587.1,75.9,1683.0,921,3.8,137.0,366,49.4,34.9,22.9,44.9,87.16153846153851,350419,37069,41.6,2.4,0.5063880668571054
5758,Herford,4.3,46.8,6.4,498.0,2885.0,17.935,78.0,83.4,2425.6,68.4,1834.5,694,1.2,79.1,553,49.0,44.1,29.6,46.4,89.04444444444441,250704,29113,43.4,2.3,0.5144034399132044
5762,Höxter,4.7,46.6,5.6,219.0,2769.0,29.1025,77.6,82.4,2145.3,88.1,1126.9,533,-1.6,46.7,119,62.3,64.7,25.1,49.2,91.77,145679,16931,43.1,2.4,0.5066413141221453
5766,Lippe,4.8,48.3,7.7,392.0,2996.0,26.1808333333333,78.6,83.5,2407.2,81.9,1642.7,646,-0.4,89.3,277,52.2,47.3,35.3,46.7,87.26875,348681,41431,43.2,2.3,0.5158411269899995
5770,Minden-Lübbecke,5.2,43.3,6.2,328.0,2908.0,41.725,78.3,83.0,2442.7,76.4,1349.3,676,0.4,72.4,268,58.5,76.7,34.1,47.5,90.7727272727273,312169,36264,43.2,2.4,0.5125589023894108
5774,Paderborn,3.9,28.7,6.6,325.0,2919.0,11.148333333333301,79.3,83.6,2382.6,82.7,1532.9,640,3.2,127.2,240,57.2,59.1,29.0,45.3,89.12,294602,27885,40.5,2.3,0.5053054629635916
5911,KS Bochum,5.5,37.2,10.1,1805.0,3168.0,1.0816666666666699,77.3,82.2,2560.4,28.1,3524.6,625,2.9,208.9,2484,55.5,98.4,27.0,41.2,57.5,362286,42377,44.2,1.9,0.5198903628624899
5913,KS Dortmund,7.0,39.7,13.0,1532.0,3181.0,1.26666666666667,76.7,82.0,2570.1,38.1,3405.3,632,6.3,268.5,2068,49.6,67.7,30.9,40.5,61.7,571143,63254,43.1,2.0,0.514527885310684
5914,KS Hagen,5.0,69.5,10.6,1188.0,3151.0,1.925,76.5,81.3,2616.6,61.3,3318.0,623,2.1,145.5,1164,58.9,92.8,25.9,42.7,60.2,187944,23189,44.2,2.0,0.5181383816455966
5915,KS Hamm,5.6,39.8,10.4,716.0,2903.0,25.271666666666697,77.1,81.9,2348.8,63.8,2379.4,532,3.2,134.2,780,52.1,99.3,32.5,40.8,78.6,176037,19958,42.6,2.2,0.5141078296040037
5916,KS Herne,6.6,53.7,13.2,1621.0,3132.0,6.81666666666667,75.3,81.1,2611.2,19.9,3870.9,486,4.6,179.8,3007,51.7,105.1,27.2,40.3,56.2,155160,18390,44.2,2.0,0.5191415313225058
5954,Ennepe-Ruhr-Kreis,4.4,46.8,7.6,1421.0,3130.0,9.47,77.8,81.8,2542.0,68.9,2746.9,749,2.4,139.8,791,52.6,58.7,33.2,44.7,72.7222222222222,326050,41242,44.9,2.1,0.5180585799723969
5958,Hochsauerlandkreis,5.0,47.3,5.3,267.0,3017.0,50.7783333333333,78.2,83.1,2325.3,86.5,1099.5,674,-1.8,65.2,133,55.1,80.1,27.9,49.0,88.5583333333333,266511,31080,43.2,2.3,0.5067107924250781
5962,Märkischer Kreis,7.0,52.7,7.2,689.0,3125.0,26.08,77.4,82.4,2605.5,81.2,2293.0,751,-3.6,122.8,390,55.1,70.8,31.5,44.5,80.68,423818,49097,43.1,2.2,0.5122977315734584
5966,Olpe,5.3,34.7,4.7,365.0,3115.0,36.4275,78.3,82.3,2454.1,83.2,1281.0,836,-1.4,90.9,189,57.1,61.7,25.4,47.7,89.62857142857142,136490,14629,42.0,2.4,0.5029159645395267
5970,Siegen,3.5,37.6,6.0,292.0,3250.0,22.03,77.8,82.6,2649.1,83.2,1529.0,813,1.9,86.5,244,58.4,76.4,22.9,47.1,91.2181818181818,276834,32346,43.1,2.3,0.5105117146015301
5974,Soest,4.3,34.1,6.6,394.0,2986.0,31.123333333333303,77.5,82.5,2370.1,82.1,1456.3,665,3.0,94.5,223,58.0,68.9,36.7,47.2,89.3428571428571,296875,33303,42.8,2.3,0.5105785263157895
5978,Unna,5.8,33.9,9.5,926.0,2827.0,14.6333333333333,77.3,82.4,2382.2,66.3,2266.8,620,0.8,119.5,721,53.6,68.5,25.9,43.7,81.78,396060,46760,43.9,2.2,0.5157147906882795
6411,KS Darmstadt,3.2,24.6,6.4,886.0,3914.0,2.4966666666666697,78.8,82.6,3057.3,63.4,3556.3,1003,16.9,554.2,1244,62.5,97.6,31.2,39.8,67.1,143499,14179,41.2,2.0,0.5030418330441327
6412,KS Frankfurt am Main,5.0,26.5,7.5,1440.0,3956.0,2.105,79.2,83.8,3486.5,39.3,4961.9,1586,14.8,730.9,2890,60.3,84.2,21.6,36.9,50.4,667925,63753,40.8,2.0,0.5105318710933113
6413,KS Offenbach am Main,8.0,33.2,11.0,1111.0,3426.0,2.05833333333333,78.1,82.2,2944.8,47.5,5499.5,709,12.2,471.1,2695,57.0,92.7,22.3,35.5,57.2,113443,11866,41.1,2.1,0.510511887026965
6414,KS Wiesbaden,6.6,31.1,7.5,916.0,3576.0,1.6966666666666699,79.6,83.3,3029.0,57.2,3437.7,1032,5.6,480.9,1349,62.9,75.9,26.1,40.9,64.3,269121,29176,42.3,2.1,0.5248494171766603
6431,Bergstraße,3.4,40.3,4.7,641.0,2884.0,21.2783333333333,78.3,82.8,2472.4,80.7,2262.2,770,5.7,198.4,367,55.3,39.3,26.7,47.9,88.0227272727273,260741,31576,43.8,2.3,0.5114232130735097
6432,Darmstadt-Dieburg,5.5,35.0,4.9,697.0,2947.0,15.076666666666698,79.8,83.7,2506.8,79.3,2334.5,802,5.5,249.7,437,49.3,18.6,21.6,46.4,87.9695652173913,282601,32777,42.7,2.3,0.5077653653030244
6433,Groß-Gerau,5.9,31.6,5.9,859.0,3548.0,14.659166666666698,78.9,83.0,3017.9,70.0,2465.6,785,9.8,267.5,576,51.4,39.6,24.5,42.0,83.49285714285709,251049,28579,42.2,2.3,0.5079287310445372
6434,Hochtaunuskreis,3.2,32.5,4.0,739.0,3709.0,22.2,80.9,84.0,2949.2,79.7,2491.1,1142,6.9,447.3,479,57.6,48.8,31.5,48.6,86.8,226130,27824,43.7,2.2,0.5210011940034494
6435,Main-Kinzig-Kreis,4.8,41.3,5.3,381.0,3015.0,26.463333333333303,79.0,83.4,2585.0,82.3,1839.4,768,6.1,165.3,292,56.9,41.5,24.2,46.1,87.8724137931035,400862,47282,43.2,2.3,0.5127126043376523
6436,Main-Taunus-Kreis,3.6,25.1,4.4,1021.0,3892.0,7.76333333333333,80.5,84.3,3118.9,65.7,3217.4,1430,7.0,423.4,1034,55.7,29.3,21.8,46.1,82.725,224059,26773,43.1,2.2,0.5155026131510004
6437,Odenwaldkreis,5.4,54.0,5.8,440.0,2792.0,38.161666666666704,78.2,82.2,2360.5,88.5,1443.0,603,1.9,88.3,154,60.4,43.8,32.4,49.0,91.15333333333331,96613,12146,43.9,2.4,0.5088963183008498
6438,Offenbach,3.9,28.7,5.8,948.0,3301.0,11.573333333333302,80.4,84.2,2850.2,67.6,3228.6,919,7.2,354.2,959,53.0,19.1,23.4,43.4,79.9615384615385,332328,39510,43.1,2.2,0.5127524614236537
6439,Rheingau-Taunus-Kreis,5.0,40.5,4.4,529.0,3008.0,21.678333333333303,79.6,83.1,2397.0,84.6,1699.5,776,5.3,227.7,224,56.0,45.1,26.1,49.4,86.5941176470588,180226,22614,43.9,2.3,0.5126785258508761
6440,Wetteraukreis,4.7,37.8,5.1,492.0,2992.0,24.005,79.0,82.9,2578.8,82.6,1746.9,726,6.3,193.0,270,55.2,42.1,26.1,47.6,89.124,292573,33938,43.0,2.3,0.5107443270568371
6531,Gießen,4.1,38.0,7.1,346.0,3063.0,12.506666666666698,79.1,83.3,2508.6,79.9,1670.2,665,9.0,137.1,304,63.5,87.4,23.4,46.5,88.43888888888891,251238,27398,42.0,2.2,0.513373773075729
6532,Lahn-Dill-Kreis,4.7,38.0,6.2,344.0,3122.0,18.771666666666697,78.6,83.0,2600.3,81.5,1418.3,767,0.7,98.3,236,66.4,71.0,24.3,48.7,93.0782608695652,253441,29829,43.2,2.3,0.5123006932579969
6533,Limburg-Weilburg,4.3,48.9,5.8,403.0,2816.0,27.8675,77.8,82.2,2478.2,80.3,1343.8,654,2.4,102.2,231,61.0,57.3,22.8,50.2,92.53157894736842,170696,19510,42.9,2.4,0.5084067582134321
6534,Marburg-Biedenkopf,4.9,35.0,4.8,239.0,3130.0,14.965,78.3,83.3,2569.8,84.4,1377.8,804,1.6,75.3,191,62.1,67.1,22.7,47.2,91.8363636363636,241226,25748,41.7,2.3,0.5128095644748079
6535,Vogelsbergkreis,4.3,53.5,5.0,189.0,2794.0,29.1516666666667,77.4,82.9,2354.8,88.0,704.7,580,-2.0,40.5,73,62.4,64.5,21.7,53.1,93.9894736842105,108510,14166,44.9,2.4,0.5052345405953368
6611,KS Kassel,7.6,43.3,10.1,401.0,3245.0,1.5,77.5,82.9,2679.5,37.0,3032.7,825,5.9,159.2,1824,69.8,132.9,22.4,41.0,64.4,190765,20285,42.4,1.9,0.5204151704977328
6631,Fulda,3.9,48.5,3.9,168.0,2772.0,16.8758333333333,79.2,83.9,2544.1,83.7,1121.2,652,2.8,69.1,157,66.3,66.8,25.7,48.5,89.0869565217391,216179,24308,42.4,2.3,0.5106323926005764
6632,Hersfeld-Rotenburg,3.6,52.2,5.2,156.0,2716.0,40.4983333333333,77.9,82.7,2671.9,86.3,898.8,667,1.4,37.6,109,68.7,81.8,21.4,50.4,93.65,120694,15772,44.8,2.4,0.5086748305632426
6633,Kassel,3.8,32.0,5.1,252.0,3300.0,19.5133333333333,78.4,82.8,2783.9,84.4,1295.4,728,3.0,75.1,181,60.8,40.7,28.6,49.9,91.11034482758622,234933,31353,45.0,2.3,0.5140955080810273
6634,Schwalm-Eder-Kreis,5.9,51.5,5.2,191.0,2847.0,31.105,77.6,82.0,2605.9,84.5,961.5,555,1.1,54.0,117,60.2,35.8,26.2,51.1,92.6333333333333,181850,23036,44.2,2.4,0.504729172394831
6635,Waldeck-Frankenberg,6.2,46.9,5.2,172.0,2890.0,35.9583333333333,78.2,82.7,2505.4,87.8,847.1,628,-0.1,47.3,85,63.9,103.0,30.7,51.3,91.8454545454545,158990,19748,44.0,2.3,0.508182904585194
6636,Werra-Meißner-Kreis,5.6,66.1,6.8,186.0,2688.0,41.8175,76.7,82.0,2281.0,86.1,858.5,501,1.4,37.5,98,68.9,59.6,23.2,51.2,92.86875,102124,14032,45.8,2.3,0.5137479926364028
7111,KS Koblenz,5.9,39.5,6.9,429.0,3171.0,2.19833333333333,77.9,82.4,2715.9,57.3,2905.5,959,11.1,-99.0,1060,63.7,157.1,40.6,44.7,67.0,107825,12692,43.7,2.0,0.5209645258520751
7131,Ahrweiler,3.5,48.0,4.2,372.0,2753.0,32.24,79.0,82.8,2152.7,84.3,1179.1,584,5.6,93.7,161,53.7,71.9,28.7,52.2,89.1375,125885,16258,44.9,2.2,0.513071454104937
7132,Altenkirchen (Westerwald),4.7,48.9,5.6,398.0,2854.0,31.92,77.3,81.8,2151.5,83.1,1270.4,559,-1.1,43.6,200,64.7,30.0,27.1,51.1,93.6125,130570,15453,43.3,2.4,0.5078272191161829
7133,Bad Kreuznach,4.9,46.6,6.9,266.0,2941.0,41.526666666666706,77.8,82.4,2277.2,84.4,1291.8,574,4.2,137.2,181,60.3,61.5,24.8,50.8,92.39,155599,18867,44.0,2.3,0.5163079454238138
7134,Birkenfeld,5.0,65.8,6.6,198.0,2714.0,49.3883333333333,76.8,80.7,2156.4,87.8,930.8,533,-1.3,-99.0,104,67.0,83.3,33.2,55.8,91.58,82778,10653,44.9,2.3,0.509362390973447
7135,Cochem-Zell,7.3,58.6,3.9,180.0,2707.0,42.418333333333294,76.8,81.3,2071.8,86.6,788.2,515,1.2,43.6,90,51.6,71.7,28.2,56.5,93.575,64187,8304,44.6,2.4,0.5026563011201646
7137,Mayen-Koblenz,5.8,45.9,5.1,318.0,2794.0,20.105,78.4,82.8,2212.2,79.7,1520.5,659,2.7,110.9,258,56.1,46.8,24.3,51.3,87.63,210308,24847,43.5,2.3,0.5104560929684082
7138,Neuwied,7.6,46.7,5.9,457.0,2945.0,29.3833333333333,77.8,82.1,2361.9,78.8,1548.2,673,1.8,87.2,286,57.4,84.3,29.1,50.5,90.8444444444444,180672,21723,43.6,2.3,0.511733970952887
7140,Rhein-Hunsrück-Kreis,5.0,52.5,4.6,219.0,2830.0,39.146666666666704,78.4,82.3,2232.0,87.0,857.8,618,0.0,57.9,103,56.9,43.6,25.9,55.2,91.3428571428571,102322,12254,43.7,2.4,0.5075545825922089
7141,Rhein-Lahn-Kreis,6.1,56.3,4.3,353.0,2839.0,30.5483333333333,77.5,82.2,2210.5,85.4,1285.7,585,0.5,78.7,155,61.7,82.9,30.1,52.4,88.0875,123203,15750,44.4,2.3,0.5087457285942713
7143,Westerwaldkreis,6.4,43.8,4.2,349.0,2810.0,30.6133333333333,77.9,82.8,2244.2,80.9,1228.5,651,1.5,66.1,201,56.7,26.8,29.5,53.1,93.04,200059,22762,42.7,2.4,0.5063306324634232
7211,KS Trier,5.2,33.9,5.8,284.0,2992.0,1.8225,77.9,82.5,2358.3,64.6,2938.7,633,7.1,-99.0,926,64.5,156.2,38.1,43.7,68.1,105671,10037,41.0,1.9,0.5232466807354903
7231,Bernkastel-Wittlich,6.9,51.1,3.7,163.0,2759.0,33.97,78.5,83.2,2210.6,87.0,849.0,614,2.4,58.7,95,59.5,44.7,26.8,55.6,92.5666666666667,112320,13641,43.9,2.4,0.5055466524216524
7232,Eifelkreis Bitburg-Prüm,4.1,47.1,3.2,129.0,2901.0,48.296666666666695,77.5,82.3,2245.4,89.5,612.5,504,4.6,49.5,59,50.8,69.4,21.9,58.3,93.2,95774,10922,42.9,2.4,0.5040512038757909
7233,Vulkaneifel,5.3,48.6,4.6,151.0,2743.0,52.125,78.2,81.8,2150.6,87.6,600.6,556,-0.8,26.2,67,59.2,34.4,27.2,57.5,94.78,61947,7993,44.3,2.4,0.5052222060793905
7235,Trier-Saarburg,6.7,38.3,3.5,235.0,2729.0,18.899166666666698,78.9,83.6,1856.2,85.9,1048.0,450,5.5,106.1,132,53.0,25.5,31.6,54.6,92.9571428571428,142228,15687,42.8,2.4,0.5086691790646005
7311,"Frankenthal (Pfalz), kreisfreie Stadt",4.1,30.1,7.1,752.0,3445.0,5.510833333333331,77.1,81.7,3035.8,61.3,2996.0,676,9.3,187.9,1091,58.7,66.0,36.4,44.0,80.0,46415,5659,44.0,2.2,0.5180652806204891
7312,"Kaiserslautern, kreisfreie Stadt",5.7,51.7,10.5,338.0,3240.0,2.125,76.4,81.2,2531.2,71.2,2490.1,690,5.8,163.5,697,63.7,121.5,41.4,48.1,73.4,96341,10370,42.5,1.9,0.5048525549869733
7313,"Landau in der Pfalz, kreisfreie Stadt",5.4,41.5,5.1,430.0,2841.0,25.325,77.0,81.6,2312.1,75.4,2262.5,726,9.6,233.1,536,67.5,189.8,29.7,47.6,80.9,43361,4334,42.3,2.1,0.5283088489656604
7314,KS Ludwigshafen am Rhein,9.7,45.8,9.4,862.0,4330.0,1.5083333333333302,77.7,82.6,3630.0,33.1,3454.1,1117,9.7,288.3,2113,61.0,123.4,30.3,40.9,73.0,157584,17700,42.2,2.1,0.5096266118387653
7315,KS Mainz,2.0,21.8,6.1,870.0,3410.0,1.67416666666667,79.5,83.5,2831.7,44.8,4206.2,825,8.4,661.9,2118,59.9,108.5,34.7,41.3,71.6,200344,19973,40.9,2.0,0.5195763287146109
7316,"Neustadt an der Weinstraße, kreisfreie Stadt",7.0,43.8,6.0,504.0,2745.0,20.5983333333333,78.2,81.4,2205.5,79.4,2295.2,669,5.2,235.3,449,70.4,80.3,25.2,50.5,83.0,52164,6488,44.9,2.1,0.5190744574802546
7317,"Pirmasens, kreisfreie Stadt",5.1,69.8,13.3,270.0,2876.0,33.7925,73.6,77.7,2274.5,67.0,2022.5,626,2.6,73.1,653,72.4,103.1,33.6,50.8,73.8,40887,5278,46.0,2.0,0.520850147968792
7318,"Speyer, kreisfreie Stadt",4.1,30.1,6.5,696.0,3176.0,16.4383333333333,76.7,80.7,2579.4,42.7,2632.0,880,4.5,187.4,1170,62.2,126.6,48.2,44.6,74.5,49540,5714,43.6,2.1,0.5207509083568833
7319,"Worms, kreisfreie Stadt",4.5,40.5,8.2,644.0,2966.0,16.9066666666667,77.7,81.7,2411.0,65.0,2493.9,683,6.7,196.3,745,59.3,80.7,33.5,44.9,80.8,79207,8914,42.7,2.1,0.5191081596323557
7320,"Zweibrücken, kreisfreie Stadt",5.1,69.8,7.8,341.0,3188.0,29.375,75.4,79.9,2566.0,70.5,1707.7,729,2.7,75.2,482,47.0,64.4,27.3,50.5,84.0,34200,4102,44.3,2.1,0.5097368421052632
7331,Alzey-Worms,4.5,40.5,4.6,512.0,2800.0,22.858333333333302,78.5,82.5,2251.7,82.9,1415.6,603,3.4,141.5,214,58.7,49.3,23.1,50.8,93.4142857142857,125113,13579,42.4,2.5,0.5048715960771463
7332,Bad Dürkheim,7.0,43.8,4.2,481.0,2797.0,19.404166666666697,78.3,82.5,2105.6,86.3,1708.4,641,5.4,193.4,221,52.5,38.7,33.3,53.2,91.8555555555556,131085,16977,44.9,2.3,0.513414959758935
7333,Donnersbergkreis,6.1,53.9,5.5,336.0,3197.0,28.838333333333303,76.2,81.1,2348.9,88.1,1072.0,631,-0.1,89.4,116,56.0,23.7,34.6,53.1,93.5166666666667,76030,8703,43.1,2.4,0.5072865973957649
7334,Germersheim,5.1,30.5,4.6,497.0,3623.0,18.7783333333333,78.4,82.9,2867.6,78.5,1711.0,682,5.2,185.2,273,54.6,25.3,25.3,48.8,90.5,123913,13346,42.0,2.4,0.505830703800247
7335,Kreis Kaiserslautern,5.7,51.7,5.6,296.0,2736.0,12.875,78.2,82.8,2024.6,84.5,1110.8,542,-0.3,105.8,163,59.5,53.2,22.9,66.8,92.48571428571431,105283,12150,43.3,2.4,0.5112221346276227
7336,Kusel,5.4,64.0,5.2,255.0,2716.0,26.8816666666667,76.3,81.1,1983.7,86.7,1013.3,450,-2.0,60.4,124,62.1,0.0,24.9,60.5,95.1833333333333,72783,9133,44.7,2.4,0.5066430347746039
7337,Südliche Weinstraße,5.4,41.5,4.1,388.0,2779.0,30.6383333333333,78.9,83.2,2195.4,86.8,1392.9,599,5.7,144.8,172,62.0,62.5,20.8,53.4,93.1833333333333,108244,13211,44.0,2.4,0.5099866967222202
7338,Ludwigshafen,4.1,30.1,3.7,697.0,2695.0,10.7016666666667,79.4,83.5,2088.8,71.5,2216.4,663,8.0,249.0,492,52.0,0.0,25.3,51.0,91.75,146868,18484,44.2,2.4,0.5114728872184546
7339,Mainz-Bingen,4.6,36.7,4.3,551.0,3158.0,18.518333333333302,79.9,83.7,2733.9,77.7,1809.7,1126,5.7,221.9,338,58.7,17.0,28.5,50.6,87.74,200672,22343,42.6,2.3,0.5108036995694467
7340,Südwestpfalz,5.1,69.8,4.9,267.0,2478.0,36.84666666666671,78.3,82.3,1938.1,89.5,1025.8,531,-0.8,54.2,101,60.2,23.6,18.3,57.8,94.52857142857141,98426,12948,45.2,2.4,0.5075488184016418
8111,KS Stuttgart,4.9,37.7,5.8,1336.0,4055.0,1.38833333333333,80.3,84.5,3359.5,46.9,5728.9,1140,10.4,917.3,2954,57.5,84.7,36.7,37.4,50.2,585890,60832,41.4,2.0,0.5100018774855348
8115,Böblingen,4.2,38.6,3.8,745.0,4287.0,16.8483333333333,81.2,84.5,3360.5,76.1,2676.2,1103,6.5,376.0,606,55.8,29.4,29.9,43.9,83.56875,363949,40840,42.0,2.3,0.5089696633319504
8116,Esslingen,3.9,39.5,3.9,792.0,3544.0,18.693333333333303,80.6,84.4,2884.3,73.6,3260.1,927,7.0,329.1,806,53.2,38.8,29.1,42.8,81.2722222222222,502893,57922,42.4,2.2,0.5103908783777066
8117,Göppingen,4.6,51.6,4.5,483.0,3234.0,37.558333333333294,79.7,83.9,2649.7,82.3,2354.5,788,4.6,208.7,389,53.6,53.1,28.2,43.7,87.175,247407,29389,43.1,2.3,0.5098441030366966
8118,Ludwigsburg,4.5,38.0,4.0,828.0,3455.0,18.760833333333302,80.3,84.8,2915.1,73.3,3152.7,958,7.7,303.7,766,51.3,33.3,31.1,42.6,79.585,509871,57140,42.1,2.2,0.509442584496863
8119,Rems-Murr-Kreis,4.8,40.9,4.1,655.0,3242.0,32.275,79.8,84.6,2615.2,81.2,2730.9,851,5.4,322.8,483,54.1,31.8,31.5,43.0,81.05,406874,46538,42.7,2.3,0.5109665400099294
8121,KS Heilbronn,4.2,43.1,6.5,602.0,3175.0,1.8675,78.1,83.1,2252.1,61.6,3365.6,975,9.9,257.9,1200,55.1,90.9,34.9,40.1,71.0,116059,13160,42.4,2.2,0.5097235027012124
8125,Heilbronn,4.4,39.3,3.8,498.0,3501.0,16.7566666666667,79.5,83.5,3008.3,80.9,1715.6,1001,5.6,177.9,299,56.8,38.0,29.5,46.2,89.6578947368421,322813,34188,41.7,2.4,0.5058780160650284
8126,Hohenlohekreis,4.3,46.5,3.1,267.0,3319.0,38.228333333333296,78.6,83.4,2803.2,85.1,1071.1,913,4.8,137.1,140,54.2,26.0,35.2,46.1,90.51428571428569,107280,11471,41.6,2.5,0.5012397464578673
8127,Schwäbisch Hall,4.6,49.0,3.5,234.0,3110.0,43.25,79.2,83.8,2517.8,86.7,1087.4,789,4.3,96.7,127,64.6,36.4,29.9,45.9,91.3833333333333,186353,19260,41.5,2.4,0.5046122144532151
8128,Main-Tauber-Kreis,3.5,56.7,3.6,189.0,3013.0,35.816666666666706,78.6,83.8,2411.5,87.3,920.5,745,2.5,59.9,100,63.7,86.7,28.9,50.0,91.3272727272727,130625,15775,43.5,2.4,0.5081033492822966
8135,Heidenheim,4.3,51.7,5.2,274.0,3407.0,34.5916666666667,78.5,83.6,2779.5,86.3,1632.2,768,4.5,94.7,206,63.6,41.7,31.9,45.1,91.975,127817,15420,43.4,2.3,0.5089933263963322
8136,Ostalbkreis,4.6,48.7,3.9,282.0,3437.0,48.35,79.3,83.7,2733.8,86.1,1581.1,825,2.7,121.3,204,58.7,34.2,33.1,45.2,90.74285714285709,306529,33725,42.0,2.4,0.5078703809427493
8211,Baden-Baden,5.3,43.1,5.9,419.0,3142.0,28.5483333333333,77.3,80.8,2611.4,83.8,2586.5,1044,11.7,274.7,380,80.6,138.5,42.0,51.5,70.6,52315,7409,46.9,2.0,0.5345503201758578
8212,KS Karlsruhe,6.5,38.0,5.8,746.0,3495.0,1.91166666666667,79.2,83.7,2906.4,48.8,3716.5,977,9.3,386.0,1730,56.3,91.9,37.3,41.4,62.3,289173,29983,41.8,2.0,0.5040788732004717
8215,Karlsruhe,4.2,23.5,3.4,608.0,3124.0,17.896666666666697,79.8,83.8,2636.7,78.5,2205.2,807,5.8,-99.0,398,52.4,23.6,28.6,47.8,87.8,424121,48579,42.9,2.3,0.5096470111123949
8216,Rastatt,5.3,43.1,3.7,420.0,3566.0,28.095,78.8,84.2,2904.0,81.6,2145.8,863,4.9,183.8,304,51.6,25.7,23.8,46.9,85.65,222324,25839,43.3,2.3,0.509985426674583
8221,KS Heidelberg,2.1,33.5,5.5,733.0,3457.0,2.5366666666666697,80.6,84.5,2761.0,67.0,4712.6,822,12.6,605.3,1422,63.3,194.4,28.7,38.0,58.8,146751,13098,39.9,2.0,0.5280100305960437
8222,KS Mannheim,6.5,42.8,6.5,944.0,3653.0,1.8133333333333301,77.7,82.7,3004.8,36.3,3556.3,1035,9.2,698.0,2069,67.4,84.7,29.3,41.0,60.4,290117,31687,42.0,2.0,0.5114522761506565
8225,Neckar-Odenwald-Kreis,6.9,55.4,4.2,288.0,2983.0,40.3508333333333,78.0,82.8,2356.5,88.0,1176.9,658,0.5,70.4,126,55.8,36.6,27.6,49.3,93.0636363636364,142810,16562,42.9,2.4,0.504075344863805
8226,Rhein-Neckar-Kreis,5.0,39.6,4.2,618.0,3352.0,17.5233333333333,79.8,83.9,2685.7,77.7,2559.1,1015,6.2,221.4,504,60.2,27.8,26.2,48.2,82.13793103448279,524039,61149,43.0,2.2,0.5139273985333153
8231,KS Pforzheim,5.9,42.3,8.1,662.0,3063.0,2.55333333333333,78.3,83.2,2545.2,68.1,3924.5,880,11.9,214.6,1217,63.7,98.8,33.3,40.8,67.1,114411,12771,42.9,2.1,0.5184903549483878
8235,Calw,4.5,65.4,4.1,462.0,3000.0,27.2616666666667,79.8,84.0,2460.2,87.7,1707.5,725,3.8,151.8,192,55.6,79.3,32.2,46.1,84.63,151049,17243,42.5,2.4,0.5076167336427252
8236,Enzkreis,3.5,51.2,3.0,632.0,3117.0,13.221666666666698,80.7,84.1,2619.9,82.5,2095.9,820,4.5,171.6,338,55.7,16.2,25.7,47.2,89.52,191353,21858,42.7,2.4,0.5091584662900503
8237,Freudenstadt,5.0,61.6,4.0,296.0,3188.0,47.4466666666667,79.2,82.7,2547.6,89.0,1364.0,810,-0.6,96.2,132,55.6,39.6,37.2,46.0,85.38571428571429,115973,12641,42.2,2.4,0.5092995783501332
8311,KS Freiburg im Breisgau,5.2,22.6,6.1,499.0,3267.0,2.6575,79.5,84.0,2532.7,66.3,4546.7,800,12.3,624.0,1452,90.0,101.3,35.6,38.0,56.6,209629,18198,39.9,2.0,0.5291443454865501
8315,Breisgau-Hochschwarzwald,3.4,32.3,3.5,328.0,2899.0,22.0633333333333,80.6,85.1,2340.6,87.3,1762.4,709,7.8,209.4,183,67.7,51.3,28.8,45.4,81.02,247279,28799,42.7,2.3,0.5144027596358769
8316,Emmendingen,5.8,32.2,3.3,328.0,2997.0,21.928333333333303,79.9,83.9,2386.1,86.2,2120.9,698,6.5,65.9,235,64.5,62.4,25.1,45.0,80.8333333333333,156453,17291,42.4,2.4,0.5101340338632049
8317,Ortenaukreis,4.0,37.4,3.8,358.0,3028.0,24.9333333333333,79.6,83.9,2480.1,85.2,1899.0,794,4.8,136.6,223,62.3,54.5,32.3,45.7,85.1619047619048,410202,45472,42.5,2.3,0.5092466638387916
8325,Rottweil,4.9,61.1,3.3,274.0,3182.0,29.931666666666697,79.0,83.7,2628.3,85.6,1368.7,927,0.3,98.2,177,55.9,61.1,28.8,47.8,90.5625,136478,15694,42.5,2.4,0.5074810592183355
8326,Schwarzwald-Baar-Kreis,5.1,52.5,4.0,274.0,3064.0,16.11,79.7,83.7,2541.4,87.3,1740.1,812,4.5,-99.0,201,61.6,60.3,34.5,45.3,81.94444444444441,203967,24782,43.4,2.2,0.5118426019895376
8327,Tuttlingen,4.7,50.0,3.3,266.0,3284.0,27.9166666666667,79.0,83.3,2762.6,87.1,1561.8,982,5.1,-99.0,183,50.5,27.0,28.4,45.8,89.95,132213,14669,41.8,2.4,0.505510048179831
8335,Konstanz,4.0,32.7,4.5,331.0,3064.0,28.711666666666698,79.7,83.7,2471.3,82.7,2171.5,773,10.0,153.2,337,64.2,59.4,33.3,44.5,82.0,266965,30657,42.6,2.1,0.518764632067874
8336,Lörrach,4.9,31.6,3.9,433.0,3191.0,17.4566666666667,79.6,84.0,2506.0,85.7,2167.8,807,6.6,213.2,277,59.9,37.1,30.1,45.1,82.47142857142859,219003,24457,42.4,2.2,0.5134769843335479
8337,Waldshut,4.7,47.5,3.3,356.0,2950.0,47.991666666666696,79.5,83.9,2345.2,88.1,1426.0,746,5.3,124.3,146,54.5,39.9,31.7,47.7,83.99285714285709,163136,18890,42.5,2.3,0.5099732738328756
8415,Reutlingen,4.2,43.4,4.1,416.0,3301.0,26.5083333333333,80.1,84.6,2640.7,85.8,1931.5,834,4.8,163.6,254,61.9,40.9,28.2,43.9,89.3266666666667,273353,30612,42.4,2.3,0.5120375485178505
8416,Tübingen,4.6,41.1,3.7,550.0,3248.0,9.21833333333333,80.3,84.8,2507.3,80.4,2338.2,747,5.7,193.1,421,59.1,87.3,30.8,42.6,86.725,211952,19545,39.9,2.4,0.5155554087717974
8417,Zollernalbkreis,4.3,56.3,4.5,314.0,3066.0,35.4166666666667,79.2,84.2,2537.9,85.2,1506.0,787,3.2,79.1,203,58.0,31.0,24.8,48.0,93.75,185559,21785,43.3,2.3,0.510031849708179
8421,KS Ulm,4.6,29.1,4.9,381.0,3439.0,1.6833333333333302,79.6,83.7,2818.3,63.1,3145.2,1075,7.3,261.6,1017,76.2,125.4,34.1,41.0,71.9,116761,12305,41.3,2.1,0.5122686513476247
8425,Alb-Donau-Kreis,4.1,43.9,3.1,311.0,3099.0,21.3133333333333,79.4,84.2,2541.0,86.7,1213.6,835,4.0,125.8,139,61.3,22.1,26.4,46.6,91.42307692307692,186192,19841,41.3,2.5,0.5025994672166366
8426,Biberach,4.3,43.3,2.8,230.0,3467.0,27.23,79.1,84.1,2798.7,86.6,1158.4,985,4.0,93.3,135,60.9,46.2,28.3,48.0,93.08,187444,19528,41.0,2.5,0.5034783722071658
8435,Bodenseekreis,5.3,31.9,3.1,325.0,3672.0,13.235,80.6,84.4,2950.2,83.5,2126.4,900,8.4,193.5,315,66.9,35.4,28.2,45.8,80.7125,204083,24934,43.1,2.2,0.5114193734901976
8436,Ravensburg,5.1,35.4,3.0,244.0,3062.0,17.2583333333333,79.6,84.2,2398.6,87.7,1594.4,752,6.0,125.8,169,61.0,64.0,30.3,43.8,88.4142857142857,269595,29173,41.5,2.4,0.5092527680409503
8437,Sigmaringen,6.2,47.6,4.0,233.0,3128.0,44.951666666666696,78.6,83.1,2491.1,88.3,1070.6,741,1.4,72.3,106,60.3,54.0,26.3,47.1,91.4,127600,13806,41.8,2.4,0.5056426332288402
9161,KS Ingolstadt,5.1,23.6,3.8,322.0,4425.0,1.9266666666666699,79.5,84.1,3701.1,55.9,2691.1,1359,11.1,379.5,982,64.1,97.5,35.9,41.7,81.1,124927,13330,41.7,2.1,0.5038862695814356
9162,KS München,6.1,22.7,5.2,1810.0,3879.0,1.3808333333333302,80.6,84.8,3374.5,22.1,6234.7,1332,12.4,1602.8,4601,72.1,80.4,25.5,38.0,58.2,1348335,137785,41.5,1.9,0.517003563654433
9163,KS Rosenheim,4.6,34.5,5.2,298.0,3131.0,1.14333333333333,78.2,82.9,2547.6,54.0,4015.2,911,6.0,491.0,1636,72.3,102.2,29.7,40.6,71.7,59329,6512,42.2,2.0,0.5143858821149859
9171,Altötting,3.4,40.1,3.7,186.0,3404.0,45.27,77.4,83.0,2893.7,83.7,1457.6,972,5.5,100.4,189,67.9,53.1,35.4,47.5,92.41875,106022,12380,43.3,2.3,0.5126577502782441
9172,Berchtesgadener Land,5.1,34.2,3.9,174.0,2729.0,34.34,79.0,82.6,2320.7,75.4,1765.7,645,8.8,146.9,123,82.5,58.8,37.0,43.5,82.0866666666667,100829,12630,44.1,2.2,0.5152783425403406
9173,Bad Tölz-Wolfratshausen,2.8,32.2,3.0,264.0,2933.0,35.915,79.5,83.4,2446.4,86.2,1683.6,781,9.7,396.8,111,68.9,50.6,34.2,44.6,85.0588235294118,119178,13991,42.9,2.3,0.5136770209266811
9174,Dachau,4.4,29.7,2.6,618.0,2942.0,20.774166666666698,79.9,83.3,2469.2,83.3,1893.3,858,13.5,355.4,253,59.5,33.4,35.2,42.7,89.34666666666669,138697,14497,41.3,2.4,0.5077038436303597
9175,Ebersberg,4.6,26.5,2.5,497.0,2974.0,23.4016666666667,81.0,83.5,2648.6,85.5,1992.5,931,13.0,532.6,246,55.6,24.3,34.9,44.6,88.0285714285715,127567,13904,41.5,2.4,0.5084230247634577
9176,Eichstätt,2.1,35.3,1.4,201.0,3019.0,22.6833333333333,79.9,83.8,2374.8,87.1,1092.6,770,6.0,167.4,105,50.3,35.3,27.2,49.4,95.03478260869561,123420,12439,40.6,2.6,0.5005671690163669
9177,Erding,3.1,31.7,2.2,376.0,2821.0,23.408333333333303,79.6,83.9,2422.7,84.5,1252.5,935,10.7,192.9,151,57.6,30.8,33.2,45.3,91.00588235294121,125706,12031,40.3,2.5,0.5026729034413632
9178,Freising,3.7,28.9,2.5,422.0,3228.0,11.978333333333302,79.7,83.7,3111.1,83.0,1569.6,996,9.3,295.1,213,55.2,20.7,32.6,44.2,88.3705882352941,162818,14974,39.8,2.3,0.49979117787959565
9179,Fürstenfeldbruck,3.2,25.3,3.3,634.0,3040.0,23.498333333333303,80.3,84.4,2618.8,78.6,2642.4,864,10.9,412.6,484,53.7,18.1,35.1,43.9,88.27857142857141,201597,24155,42.9,2.2,0.5164660188395661
9180,Garmisch-Partenkirchen,2.3,45.5,3.9,141.0,2660.0,17.913333333333302,78.8,82.7,2277.3,75.7,1618.0,710,9.0,276.9,85,89.6,149.1,34.0,45.2,78.66,84046,11197,45.0,2.1,0.5202389167836661
9181,Landsberg a.Lech,4.9,32.8,3.0,324.0,3056.0,28.3775,80.2,84.0,2569.6,79.9,1322.9,842,7.0,195.2,144,61.1,40.6,24.7,47.8,92.55625,113084,12249,41.5,2.4,0.5055799228891797
9182,Miesbach,3.7,38.7,3.1,248.0,2893.0,31.981666666666698,78.9,83.3,2408.8,86.2,1532.2,867,10.4,383.8,112,77.5,46.8,38.2,47.7,82.45882352941179,93630,11526,43.7,2.2,0.519064402435117
9183,Mühldorf a.Inn,4.9,43.0,4.0,216.0,2933.0,43.3691666666667,77.3,82.0,2392.1,86.8,1296.3,787,9.6,106.6,137,68.9,35.6,36.7,46.4,93.93888888888891,106415,12024,42.5,2.5,0.5055208382276934
9184,München,3.3,22.6,3.0,820.0,4016.0,12.99,81.4,84.4,3623.4,76.7,2484.5,2094,12.3,957.7,501,53.2,38.5,40.8,44.9,84.6586206896552,317249,37190,42.4,2.2,0.5110150071395024
9185,Neuburg-Schrobenhausen,4.1,39.3,2.3,253.0,2952.0,21.580833333333302,78.7,83.3,2353.5,84.1,1077.6,736,8.2,116.4,126,58.8,47.9,33.5,47.9,95.5307692307692,90593,9508,41.5,2.4,0.503659223118784
9186,Pfaffenhofen a.d.Ilm,5.5,36.4,2.2,303.0,3135.0,21.253333333333302,79.1,82.9,3005.0,83.1,1182.4,828,11.0,192.7,160,56.7,27.3,30.4,48.5,93.55,116116,11973,41.3,2.5,0.49960384443143063
9187,Kreis Rosenheim,4.6,34.5,2.9,249.0,2822.0,20.271666666666697,79.3,83.6,2407.5,83.8,1586.5,762,9.2,291.9,175,73.9,108.1,43.6,46.4,87.6025,244256,28091,42.4,2.4,0.5098052862570418
9188,Starnberg,2.5,32.3,2.9,572.0,3400.0,22.4733333333333,81.7,84.2,2882.7,69.5,1886.3,1205,10.6,744.1,270,76.6,99.0,27.8,49.9,87.3071428571429,127132,16254,43.7,2.3,0.5214422804643992
9189,Traunstein,4.2,37.5,3.2,187.0,3030.0,19.838333333333303,79.7,83.9,2555.7,81.7,1328.4,827,7.5,200.6,112,65.7,50.1,32.9,48.6,88.9758620689655,168510,20862,43.6,2.3,0.5140763159456412
9190,Weilheim-Schongau,4.4,34.5,2.8,222.0,3306.0,37.5383333333333,79.9,83.3,2640.2,86.9,1459.6,837,5.9,214.8,136,74.7,36.6,31.2,46.4,89.5631578947369,128762,15096,42.6,2.3,0.5094127149314238
9261,KS Landshut,3.3,34.7,4.9,279.0,2941.0,1.715,77.7,82.1,2402.3,60.4,3085.2,909,18.4,333.2,1026,75.5,180.7,48.6,43.9,78.4,63544,7194,43.6,2.0,0.5253053002643837
9262,Passau Stadt,4.0,43.8,5.9,182.0,3121.0,1.26,76.7,81.2,2517.4,59.0,2262.3,828,10.5,136.2,718,84.1,151.1,33.3,48.2,76.4,48649,5689,43.6,1.9,0.530761166724907
9263,Straubing,4.1,42.4,5.8,184.0,2859.0,1.675,74.8,79.8,2427.8,59.9,2327.3,836,14.1,173.1,681,86.9,94.5,35.0,44.4,79.1,44488,5264,44.3,2.0,0.5081595036863873
9271,Deggendorf,3.8,37.6,3.7,147.0,2873.0,14.248333333333301,77.7,81.9,2459.8,83.1,1119.4,688,5.4,72.6,134,66.6,95.3,27.6,49.9,94.5263157894737,114454,12549,42.5,2.4,0.5089293515298723
9272,Freyung-Grafenau,3.8,52.8,4.2,107.0,2573.0,35.180833333333304,77.3,82.3,2037.9,87.7,860.3,529,2.7,34.3,79,60.3,52.0,15.9,51.0,94.3052631578948,78170,8823,43.1,2.5,0.5072278367660228
9273,Kelheim,4.0,41.7,3.0,209.0,2928.0,28.71,78.6,82.7,2400.4,86.2,1063.5,720,9.1,122.1,109,66.1,32.8,29.2,48.2,93.53846153846149,112753,11666,41.4,2.5,0.5026651175578477
9274,Kreis Landshut,3.3,34.7,2.6,211.0,2948.0,19.4016666666667,79.4,83.2,2460.0,86.4,1035.6,794,8.1,113.0,113,54.0,12.2,30.7,48.8,94.9333333333333,147161,15337,41.4,2.6,0.5008256263548087
9275,Kreis Passau,4.0,43.8,4.1,150.0,2598.0,21.2275,77.9,82.9,2196.7,84.2,964.9,598,5.7,57.3,122,79.4,34.1,21.7,51.5,93.43142857142858,184190,21202,43.1,2.4,0.5097182257451545
9276,Regen,3.0,59.9,4.0,110.0,2702.0,30.6883333333333,76.5,81.8,2183.3,89.5,957.9,606,2.1,74.3,78,70.8,41.2,22.2,50.0,92.20952380952379,76782,8974,43.5,2.4,0.5054830559245657
9277,Rottal-Inn,5.2,41.5,3.5,152.0,2644.0,44.44,77.8,82.4,2193.9,87.4,910.4,651,6.5,58.9,92,61.8,52.2,29.1,51.0,96.06,116634,13534,43.0,2.5,0.5085138124389115
9278,Straubing-Bogen,4.1,42.4,3.0,158.0,2696.0,18.1041666666667,78.7,82.9,2274.0,86.2,802.6,665,6.4,81.0,82,57.2,42.9,21.4,50.8,96.1818181818182,95853,10154,41.8,2.6,0.5038444284477273
9279,Dingolfing-Landau,2.8,42.0,2.8,156.0,3779.0,28.211666666666698,78.0,82.2,3116.4,84.4,936.5,1652,10.5,48.7,107,61.0,26.8,25.4,48.8,96.1071428571429,90156,9845,42.1,2.5,0.4983140334531257
9361,Amberg,4.2,52.3,6.3,188.0,3204.0,1.325,75.5,80.0,2649.2,62.0,2426.4,811,2.1,143.8,828,86.7,134.8,40.9,46.6,75.5,41912,4906,44.1,2.0,0.5130988738308837
9362,KS Regensburg,4.4,30.0,4.9,309.0,3454.0,2.00666666666667,78.4,83.0,3008.0,36.7,3168.9,1275,12.3,412.0,1763,71.0,193.7,40.1,43.1,64.1,135403,13184,41.3,1.8,0.524818504759865
9363,Weiden i.d.OPf.,4.0,53.0,7.5,155.0,2684.0,1.8016666666666699,75.6,79.7,2207.2,65.5,2025.6,741,4.9,162.7,593,78.9,170.7,37.0,47.8,73.1,41746,4933,44.1,2.0,0.5278829109375749
9371,Amberg-Sulzbach,4.2,52.3,3.5,171.0,2940.0,15.468333333333302,77.8,82.8,2407.9,87.6,872.6,591,1.2,64.7,82,66.0,20.1,39.3,50.5,93.26363636363631,103902,11596,42.8,2.4,0.5048699736289965
9372,Cham,2.6,59.1,3.4,116.0,2608.0,44.5916666666667,77.3,82.9,2216.7,86.7,802.5,625,3.1,42.3,83,66.7,54.7,24.4,50.7,94.4875,125689,14289,42.8,2.5,0.503369427714438
9373,Neumarkt i.d.Opf.,3.3,38.9,2.4,207.0,2989.0,19.505,78.4,82.6,2388.3,81.6,916.2,732,6.0,68.7,96,59.7,40.3,35.0,49.2,95.98823529411759,126436,13132,41.6,2.6,0.5033851118352368
9374,Neustadt a.d.Waldnaab,4.0,53.0,4.1,128.0,2776.0,17.7583333333333,77.4,81.8,2304.1,81.8,675.3,583,-0.7,54.2,67,67.2,19.8,28.8,50.9,91.75714285714291,96317,10503,42.4,2.5,0.5063488273098207
9375,Regensburg,2.6,37.1,2.5,205.0,2951.0,18.5008333333333,79.4,83.4,2466.6,85.3,1203.6,694,7.4,141.1,135,62.0,12.3,37.6,49.8,91.9034482758621,182289,19290,41.8,2.5,0.5052965346235923
9376,Schwandorf,3.1,52.0,3.5,139.0,2783.0,27.36,77.5,82.5,2327.1,84.2,929.6,693,5.3,79.0,98,70.3,39.9,33.3,48.0,92.9736842105263,142406,15751,42.8,2.4,0.5034197997275396
9377,Tirschenreuth,3.8,64.7,4.8,123.0,2759.0,19.64,76.3,81.4,2354.7,87.3,822.0,600,-0.6,38.0,68,62.8,39.6,33.6,49.0,91.4777777777778,74866,8893,43.8,2.4,0.5067587422862181
9461,Bamberg,3.6,37.0,5.2,279.0,3159.0,1.72666666666667,77.3,81.5,2538.1,43.8,2611.9,808,7.1,-99.0,1317,79.2,140.8,40.1,44.3,63.0,70635,7617,42.7,1.9,0.5316769307000778
9462,Bayreuth,3.9,46.8,6.3,211.0,3012.0,1.685,76.4,82.6,2577.2,53.8,2559.0,886,6.5,189.6,1070,67.0,191.6,45.5,44.5,71.2,70808,8091,43.0,1.9,0.5240227092983843
9463,Coburg,5.9,48.8,6.4,199.0,3281.0,1.5733333333333301,76.0,80.3,2908.7,51.2,2101.3,1573,4.1,108.6,850,53.6,124.2,39.3,46.9,77.0,41023,4925,44.6,2.0,0.5241937449723326
9464,Hof,5.4,78.4,7.0,185.0,2508.0,1.13666666666667,74.4,80.1,2310.4,58.6,2103.5,692,2.8,-99.0,764,90.2,100.4,33.6,47.8,70.2,44759,5671,45.3,1.9,0.5306865658303358
9471,Kreis u. Stadt Bamberg,3.6,37.0,3.1,226.0,2715.0,14.933333333333302,77.7,82.3,2302.2,85.5,1211.1,687,3.4,99.5,124,52.5,20.8,35.0,47.9,90.32857142857141,143610,14727,41.5,2.5,0.5036487709769515
9472,Kreis u. Stadt Bayreuth,3.9,46.8,3.8,177.0,2677.0,17.5983333333333,77.7,82.6,2310.1,88.0,892.1,582,1.6,59.0,82,59.3,11.9,35.8,50.5,91.3428571428571,105396,12266,43.4,2.4,0.5083494629777221
9473,Kreis u. Stadt Coburg,5.9,48.8,4.3,176.0,2483.0,14.051666666666698,77.9,82.7,2251.7,82.5,1139.7,680,0.9,39.8,147,61.1,10.7,32.6,49.0,90.93125,87775,10759,44.1,2.4,0.5088920535459983
9474,Forchheim,3.3,44.5,3.2,307.0,2856.0,24.3,78.5,82.1,2473.0,84.2,1411.5,666,4.1,130.5,177,56.2,27.2,33.2,48.8,91.8368421052631,112738,12211,42.3,2.4,0.5069186964466285
9475,Kreis u. Stadt Hof,5.4,78.4,4.6,162.0,2539.0,15.379166666666698,77.0,81.9,2389.5,85.6,938.3,637,-0.7,21.9,108,66.2,58.7,37.5,50.6,90.88095238095242,99371,13279,45.7,2.3,0.5170824486017047
9476,Kronach,3.4,56.6,4.4,161.0,2529.0,28.23,76.8,81.8,2263.5,87.3,1065.3,681,-2.1,30.1,104,61.8,41.5,22.1,50.3,94.0533333333334,69927,8581,44.9,2.3,0.511447652551947
9477,Kulmbach,6.5,55.2,5.0,173.0,2772.0,11.171666666666699,76.8,82.1,2385.5,86.3,990.8,697,-0.2,49.0,110,73.1,68.9,30.8,50.4,91.76428571428569,74070,9023,44.6,2.3,0.5127041987309302
9478,Lichtenfels,5.0,46.1,4.6,190.0,2509.0,17.536666666666697,76.4,80.8,2313.3,82.7,1112.6,625,1.1,53.6,128,63.1,112.6,36.2,48.8,92.31111111111109,67297,7920,43.9,2.3,0.5108697267337325
9479,Wunsiedel i.Fichtelgebirge,5.8,79.0,5.7,149.0,2754.0,10.915,75.7,80.7,2360.8,84.4,1079.3,626,-1.7,32.1,121,68.1,55.6,30.2,50.7,87.925,76044,10330,46.4,2.2,0.5216453632107727
9561,Ansbach,4.4,46.5,4.7,225.0,3005.0,1.4066666666666698,75.8,80.1,2590.3,73.7,1761.5,809,6.8,121.4,401,70.0,215.7,43.0,46.2,78.6,39491,4414,43.8,2.1,0.5300194981134942
9562,KS Erlangen,3.4,22.4,4.0,556.0,4366.0,1.5966666666666698,79.3,83.6,3601.5,52.8,3369.8,1046,6.1,219.8,1383,70.5,204.7,44.5,44.6,73.0,103720,10375,41.2,1.9,0.5110586193598149
9563,KS Fürth,7.1,37.1,6.9,656.0,3086.0,1.4133333333333302,77.1,81.9,2737.3,47.4,4130.8,751,13.9,274.3,1918,63.4,66.7,44.7,41.6,69.8,115613,12048,42.3,2.0,0.5183932602734986
9564,KS Nürnberg,7.6,30.7,7.9,826.0,3317.0,1.445,77.8,83.0,2918.0,34.6,4384.2,929,8.0,442.0,2688,67.1,69.5,39.6,40.7,66.4,486314,54930,43.1,1.9,0.5205957467808864
9565,Schwabach,5.8,38.3,4.6,512.0,2833.0,1.5633333333333301,77.0,80.9,2466.8,62.0,2833.8,829,11.8,191.1,979,70.1,42.6,45.1,45.5,83.4,38469,4454,43.4,2.2,0.5203670487925343
9571,Kreis u. Stadt Ansbach,4.4,46.5,3.1,199.0,2700.0,19.87,78.3,83.3,2265.1,85.4,874.9,696,3.3,53.9,91,57.4,30.0,28.2,48.6,93.15882352941179,178354,19518,42.1,2.5,0.5039472061181695
9572,Erlangen-Höchstadt,3.2,34.6,2.4,405.0,3590.0,12.806666666666699,79.9,83.2,2660.7,79.8,1730.7,951,5.2,188.4,235,62.5,8.7,36.2,49.1,90.3,130395,14748,42.2,2.4,0.5050193642394264
9573,Fürth,2.3,36.5,3.4,470.0,2683.0,12.126666666666699,78.9,82.7,2294.7,79.2,2139.4,743,5.1,208.9,370,47.4,0.0,39.6,48.8,88.0416666666667,112786,13612,43.7,2.2,0.5151082581171422
9574,Nürnberger Land,7.0,41.8,3.1,348.0,2955.0,20.135,78.4,82.8,2456.7,83.6,1572.2,831,6.3,183.5,208,59.7,59.1,37.5,49.2,90.1318181818182,163967,20193,43.9,2.3,0.5126153433312801
9575,Neustadt a.d.Aisch-Bad Windshe,4.4,48.8,2.7,205.0,2596.0,31.3333333333333,78.4,82.7,2138.2,86.6,788.3,638,3.3,71.1,77,68.5,46.9,31.8,49.3,92.76,97475,10994,42.7,2.5,0.5058835598871505
9576,Roth,5.8,38.3,2.9,302.0,2798.0,18.73,78.5,83.0,2352.4,84.2,1176.0,736,3.3,109.5,138,60.5,21.8,27.6,48.1,92.4,123344,13983,42.5,2.4,0.5074263847451032
9577,Weißenburg-Gunzenhausen,3.3,55.1,3.5,184.0,2894.0,37.2983333333333,77.4,82.8,2266.4,84.3,927.0,634,3.9,68.4,95,62.7,45.4,31.7,48.0,92.57857142857141,92369,10755,43.2,2.4,0.5060897054206498
9661,Aschaffenburg,4.0,44.6,6.1,516.0,3157.0,2.03,76.8,81.8,2637.2,53.0,2756.7,968,5.1,412.2,1091,60.1,118.5,25.4,43.6,67.9,67359,7226,43.0,2.1,0.521504179100046
9662,Schweinfurt,4.9,44.4,6.5,225.0,3697.0,1.99666666666667,76.1,81.3,3060.6,36.9,2634.6,1194,1.6,140.7,1446,62.0,178.3,42.7,42.7,67.1,52143,6535,44.6,2.0,0.5220643231114436
9663,KS Würzburg,5.4,27.9,4.9,311.0,3129.0,1.8558333333333301,78.2,83.1,2526.7,46.4,2956.7,829,1.5,279.7,1418,85.3,188.1,38.9,44.5,66.5,124297,13110,42.1,1.8,0.5322895966917947
9671,Kreis u. Stadt Aschaffenburg,4.0,44.6,3.2,420.0,2956.0,19.4566666666667,79.7,83.4,2522.8,80.4,1740.6,797,2.1,189.5,247,58.5,8.8,20.7,48.8,89.0304347826087,172612,19986,42.9,2.4,0.5059265867958195
9672,Bad Kissingen,2.6,67.1,4.2,158.0,2726.0,31.92,78.9,82.5,2219.5,83.8,845.2,583,1.6,48.0,91,67.1,85.5,34.3,50.5,90.84705882352941,104020,12962,44.6,2.3,0.512901365122092
9673,Rhön-Grabfeld,3.3,60.0,3.4,133.0,2882.0,37.8033333333333,78.1,82.3,2354.8,87.1,791.8,602,-0.6,26.8,78,69.0,137.6,28.6,50.6,92.5307692307692,80829,9523,43.1,2.5,0.506006507565354
9674,Haßberge,4.6,48.6,3.6,168.0,2923.0,24.448333333333302,77.6,81.9,2241.1,86.6,862.4,621,1.0,36.9,88,58.2,28.5,23.0,48.9,93.49285714285709,84575,9382,42.6,2.5,0.5013420041383387
9675,Kitzingen,3.3,56.6,3.4,196.0,2872.0,27.7983333333333,78.5,82.4,2264.8,82.4,944.6,703,4.7,81.4,129,61.0,27.7,33.0,47.6,91.1083333333333,87719,9923,42.7,2.4,0.5054207184304427
9676,Miltenberg,4.7,55.9,3.4,324.0,2965.0,32.366666666666696,79.2,83.2,2380.5,85.8,1578.0,727,0.5,141.6,179,61.7,23.4,22.3,47.6,90.03846153846159,128405,14712,42.5,2.5,0.5027062809080644
9677,Main-Spessart,2.5,56.9,2.7,212.0,3233.0,33.805,79.0,83.2,2683.4,87.9,1027.1,740,-0.3,69.5,95,63.5,52.8,28.5,50.7,92.04375,127508,15144,43.6,2.4,0.5045644194874047
9678,Kreis u. Stadt Schweinfurt,4.9,44.4,2.9,193.0,2573.0,16.2966666666667,79.6,83.4,2095.8,84.2,1081.4,614,3.4,78.2,135,51.0,53.0,27.8,49.3,90.5857142857143,113084,13335,43.1,2.5,0.5028297548724842
9679,Würzburg,2.8,43.2,2.9,222.0,2763.0,15.528333333333302,80.1,84.3,2292.0,84.5,1348.3,702,2.3,139.1,165,65.3,8.2,24.3,49.6,89.9969696969697,158095,18286,42.6,2.4,0.5056326892058572
9761,KS Augsburg,4.1,37.6,6.8,560.0,3319.0,2.43333333333333,77.8,83.3,2798.1,51.8,4464.5,736,13.5,477.8,1914,63.3,105.5,34.9,38.9,64.9,267767,29522,42.6,1.9,0.5190296040960984
9762,Kaufbeuren,4.0,41.5,6.1,221.0,2875.0,1.975,76.3,81.3,2261.0,58.5,2767.3,652,6.5,209.1,1050,83.3,149.5,42.1,42.1,78.6,41550,4934,44.1,2.0,0.5181227436823105
9763,Kempten (Allgäu),4.9,34.1,4.8,223.0,2990.0,1.675,77.9,81.9,2504.4,64.0,3198.8,803,8.4,261.3,1037,71.6,86.9,39.6,40.5,70.3,64078,7832,43.6,2.0,0.5135147788632604
9764,Memmingen,3.3,43.2,4.1,224.0,3071.0,1.86166666666667,77.6,81.3,2569.7,71.6,2341.2,948,8.2,152.5,602,64.0,129.4,34.6,41.5,81.7,41241,4735,43.3,2.1,0.5148032297955918
9771,Aichach-Friedberg,3.8,36.4,2.8,360.0,2820.0,18.7233333333333,79.6,83.8,2152.1,85.1,1388.9,766,5.8,158.6,166,58.8,23.2,29.8,48.0,93.47857142857141,126387,13635,41.7,2.5,0.5063020722067935
9772,Augsburg,5.2,34.9,3.1,345.0,2790.0,18.431666666666697,79.6,83.7,2441.7,81.8,1495.9,782,6.8,174.6,227,62.2,12.5,30.2,46.9,92.01034482758621,237095,26716,42.3,2.4,0.5087960522153567
9773,Dillingen a.d.Donau,3.5,44.8,2.7,232.0,2961.0,35.595,78.0,83.0,2406.3,83.6,1009.4,767,1.6,74.6,118,51.3,33.9,32.3,46.7,95.57,93308,9962,41.7,2.5,0.5054979208642346
9774,Günzburg,7.1,45.9,3.1,263.0,2958.0,28.711666666666698,78.5,82.7,2494.4,81.5,1135.1,780,4.4,82.4,160,63.2,86.4,28.9,46.0,94.0941176470588,120183,12842,41.6,2.5,0.5035820373929757
9775,Neu-Ulm,5.3,33.5,3.3,285.0,3227.0,12.474166666666699,79.3,83.7,2682.8,77.5,1807.2,842,6.5,138.3,325,63.7,23.2,33.5,44.8,90.65,163854,18314,42.1,2.3,0.5097892025827871
9776,Lindau (Bodensee),3.2,38.4,3.0,253.0,3143.0,29.5975,78.6,83.2,2566.5,84.5,1817.6,741,6.1,220.8,245,68.0,62.2,40.2,45.9,81.2769230769231,78422,9663,43.4,2.2,0.5116038866644564
9777,Ostallgäu,4.0,41.5,2.9,181.0,3014.0,20.4441666666667,79.7,83.2,2580.9,87.5,1217.6,760,6.0,121.2,97,60.3,32.4,31.5,47.1,89.59,133585,15704,42.4,2.4,0.5071003480929746
9778,Unterallgäu,3.3,43.2,2.3,220.0,3070.0,20.314166666666697,79.5,83.8,2554.1,86.4,1039.0,761,7.9,94.6,113,59.1,28.8,35.6,47.7,93.8473684210526,135161,15526,42.4,2.5,0.5044354510546681
9779,Donau-Ries,3.7,46.9,2.3,181.0,3151.0,44.506666666666696,78.8,83.3,2650.5,85.4,926.3,813,6.0,67.1,102,61.4,38.9,29.1,47.6,94.9,127920,14191,41.9,2.5,0.4989055659787367
9780,Oberallgäu,4.9,34.1,3.2,159.0,2760.0,23.885,80.0,84.2,2315.4,83.2,1491.4,689,5.6,137.8,99,72.9,33.5,35.8,47.4,81.0260869565218,148649,18406,43.3,2.2,0.5108611561463582
10041,Regionalverband Saarbrücken,5.9,63.3,9.6,480.0,3259.0,8.14833333333333,76.8,81.9,2610.7,66.3,2466.0,619,3.0,119.6,793,62.7,79.9,34.0,48.3,88.76,327065,40247,44.5,2.0,0.5167229755553178
10042,Merzig-Wadern,4.4,55.0,5.2,292.0,2831.0,39.175,76.6,81.9,2247.9,84.4,1375.7,480,2.7,71.0,186,53.4,46.7,35.1,55.3,95.62857142857142,103636,12082,44.0,2.4,0.510990389439963
10043,Neunkirchen,6.3,61.1,7.7,418.0,3021.0,19.27,76.7,81.4,2263.9,71.3,2018.0,489,1.1,75.7,534,57.1,54.0,33.0,51.5,92.45714285714291,135531,17413,45.4,2.2,0.5140152437449734
10044,Saarlouis,4.2,50.8,6.1,379.0,3050.0,24.759166666666697,77.5,81.8,2416.2,73.2,1819.9,608,1.6,91.9,426,57.3,50.1,23.9,52.9,93.7076923076923,197877,24700,44.9,2.3,0.5148855096853096
10045,Saar-Pfalz-Kreis,4.6,54.2,5.8,374.0,3321.0,18.608333333333302,77.8,82.7,2637.4,78.4,1740.0,717,1.9,93.2,343,62.7,100.3,28.9,53.1,94.0857142857143,145394,18971,45.5,2.2,0.5168370084047484
10046,Sankt Wendel,4.9,53.0,4.2,299.0,2907.0,34.4966666666667,77.5,82.2,2117.0,82.1,1185.4,565,0.1,52.9,185,62.3,26.7,25.7,56.1,96.175,90120,11314,45.1,2.3,0.509542831779849
11000,KS Berlin,7.8,35.4,12.4,3669.0,2905.0,1.815,78.2,83.2,2539.9,22.7,5541.0,665,11.8,405.9,3891,66.0,57.7,24.5,39.1,56.7,3292365,357602,42.3,1.8,0.5141325460573175
12051,"Brandenburg an der Havel, Stadt",6.5,62.4,13.5,210.0,2492.0,1.77333333333333,76.0,81.8,2210.2,58.3,1398.0,440,2.1,46.2,309,57.7,122.9,25.3,41.2,67.5,71569,9896,46.6,1.9,0.5087817351087761
12052,KS Cottbus,8.1,98.7,12.1,177.0,2535.0,1.9316666666666698,76.4,81.7,2172.6,51.0,1994.8,544,2.7,51.0,602,70.4,115.5,35.3,40.0,70.7,99984,12168,45.0,1.9,0.5105216834693551
12053,"Frankfurt (Oder), Stadt",8.7,74.5,13.8,148.0,2566.0,2.36666666666667,75.4,80.9,2191.9,71.7,1630.4,502,-2.8,20.0,390,72.9,161.7,37.5,40.0,67.8,59140,7250,45.4,1.9,0.5196144741291849
12054,KS Potsdam,4.3,51.8,7.7,837.0,2759.0,2.11333333333333,79.3,83.6,2336.1,55.4,2896.9,567,11.0,237.4,871,62.8,97.9,26.0,39.1,62.8,156021,16130,41.9,1.9,0.52121829753687
12060,Barnim,7.9,29.2,9.7,410.0,2223.0,33.148333333333305,77.4,82.4,2011.8,81.9,1082.6,453,7.0,55.6,118,56.6,67.2,24.2,43.5,90.05,172165,21556,45.1,2.1,0.5055034414660355
12061,Dahme-Spreewald,6.0,47.2,7.4,257.0,2329.0,43.1,78.2,83.5,2202.7,84.2,757.5,892,6.1,72.7,71,55.0,62.1,22.3,43.6,91.23125,160162,20587,45.5,2.2,0.5057566713702376
12062,Elbe-Elster,8.4,41.7,12.9,112.0,1999.0,64.9466666666667,75.8,82.3,1962.4,87.0,688.5,377,-6.0,10.6,55,73.3,44.3,18.8,45.2,91.24375,110188,14664,47.1,2.2,0.5063709296838131
12063,Havelland,7.5,74.3,9.2,289.0,2012.0,27.62,77.8,82.1,1804.8,85.4,878.1,482,7.7,62.9,90,50.8,31.0,21.3,44.1,89.54615384615391,152457,18038,44.3,2.2,0.5072971395213076
12064,Märkisch Oderland,7.9,50.3,10.3,273.0,2222.0,35.03,77.8,83.3,2010.1,85.1,783.3,476,4.5,52.4,87,54.1,35.3,21.5,44.3,89.7368421052631,187374,23078,45.4,2.1,0.5044296433870228
12065,Oberhavel,7.4,51.6,9.1,351.0,2361.0,44.1533333333333,77.9,82.4,2190.8,82.8,1074.6,641,8.1,68.3,113,55.6,49.9,21.1,42.8,88.5066666666667,200807,24141,44.5,2.1,0.5076267261599446
12066,Oberspreewald-Lausitz,9.7,35.5,14.2,132.0,2275.0,30.961666666666698,74.9,81.8,2088.8,72.2,803.7,450,-5.0,16.4,92,62.0,46.0,28.9,43.4,84.92727272727271,117943,16210,47.4,2.0,0.5111536928855465
12067,Oder-Spree,8.7,74.5,9.7,205.0,2303.0,26.545,77.4,82.9,2141.6,85.3,818.7,453,3.1,39.5,79,59.0,76.8,18.3,43.8,89.8833333333333,178176,23569,46.3,2.1,0.5076609644396551
12068,Ostprignitz-Ruppin,9.2,66.5,11.3,95.0,2095.0,68.45,76.1,81.9,1990.7,89.8,615.1,422,1.2,32.5,39,66.7,119.9,17.8,45.0,89.11,100242,12634,45.9,2.1,0.502763312783065
12069,Potsdam-Mittelmark,6.5,62.4,6.9,255.0,2225.0,26.0483333333333,78.8,83.5,2139.0,87.2,898.9,543,8.6,68.3,80,56.4,33.4,25.4,44.6,92.0157894736842,202816,23685,44.3,2.3,0.5060794020195646
12070,Prignitz,11.6,55.2,13.4,52.0,2042.0,66.2533333333333,75.6,81.2,1933.6,90.9,527.1,406,-2.4,13.0,36,63.2,46.0,20.2,47.7,89.6272727272727,80276,10980,47.6,2.0,0.507860381683193
12071,Spree-Neiße,8.1,98.7,10.6,119.0,2335.0,20.376666666666697,76.1,82.3,2096.5,80.4,731.5,526,-4.4,14.7,71,50.0,45.8,28.2,45.3,88.57272727272729,122523,16113,47.1,2.2,0.5069415538307094
12072,Teltow-Fläming,9.4,94.4,7.9,308.0,2307.0,46.101666666666695,77.9,82.8,2269.8,87.2,782.7,742,6.4,57.3,77,50.8,31.1,27.9,43.4,88.74285714285709,159255,18807,44.5,2.1,0.5049260619760761
12073,Uckermark,12.1,64.7,16.0,89.0,2109.0,58.048333333333304,75.9,82.4,2014.5,87.1,603.9,414,-3.0,17.9,39,57.9,62.2,14.7,44.6,87.0153846153846,124682,16655,46.7,2.0,0.5072985675558621
13003,"KS Rostock, Hansestadt",10.9,56.9,12.2,256.0,2577.0,2.9583333333333304,77.3,83.7,2267.3,47.6,2826.3,476,5.8,91.0,1126,64.2,73.0,28.8,37.4,55.2,200266,23927,43.9,1.8,0.5100765981244945
13004,Schwerin,12.5,37.9,12.1,172.0,2620.0,2.13666666666667,75.6,82.7,2286.3,36.7,2282.1,523,5.9,105.0,706,83.6,159.5,31.8,42.3,58.1,91293,11617,45.5,1.8,0.5263163659864393
13071,Mecklenburgische Seenplatte,12.6,77.4,14.2,64.0,2126.0,35.9166666666667,76.6,83.1,2018.3,82.4,730.0,416,-2.3,42.8,48,73.0,62.7,23.1,43.6,85.865,281411,34406,45.6,2.025,0.5080256279960627
13072,Landkreis Rostock,10.7,63.5,9.8,87.0,2043.0,31.8,77.2,83.1,1889.4,86.1,746.4,462,2.1,65.8,62,57.6,38.2,27.0,44.2,88.3434782608696,212559,25451,45.0,2.2,0.501959455962815
13073,Vorpommern-Rügen,10.1,49.7,13.5,74.0,1993.0,30.4716666666667,76.6,82.5,1910.4,84.9,813.3,403,2.1,54.4,70,68.0,54.4,21.2,44.0,86.495,225513,28948,46.0,2.0,0.5083254623901948
13074,Nordwestmecklenburg,12.5,37.9,10.6,139.0,2287.0,24.905,76.9,82.8,2024.0,84.9,843.8,430,0.4,46.2,73,63.7,37.8,27.6,43.1,88.2916666666667,156634,18237,44.7,2.0999999999999996,0.50215789675294
13075,Vorpommern-Greifswald,12.2,64.9,14.0,81.0,2060.0,39.981666666666705,76.0,82.3,1932.1,82.9,748.6,368,-0.1,35.1,61,67.7,95.8,25.9,43.7,84.50526315789479,227935,27536,44.6,2.033333333333333,0.5093645118125781
13076,Ludwigslust-Parchim,12.1,64.4,9.0,90.0,2088.0,39.225,76.6,82.4,1898.7,87.7,604.4,472,1.0,37.5,45,61.1,44.4,26.5,44.6,88.6,214370,25120,45.2,2.2,0.501889256892289
14511,"Chemnitz, Stadt",11.9,67.2,11.0,485.0,2421.0,1.5341666666666698,77.5,83.2,2157.6,53.8,2482.4,523,7.7,49.5,1103,64.1,95.6,34.9,41.5,58.1,240253,34143,46.7,1.8,0.5179040428215257
14521,Erzgebirgskreis,7.7,136.3,9.4,267.0,1962.0,31.643333333333302,77.2,83.4,1845.7,85.1,1589.4,360,-3.5,34.7,191,62.9,59.3,25.9,40.3,77.7020833333333,361791,49968,46.8,2.1,0.5120774148610662
14522,Mittelsachsen,9.4,94.1,9.0,271.0,2038.0,28.835,77.7,83.8,1983.9,87.0,1357.4,448,-2.8,49.0,148,56.3,46.1,31.1,42.1,83.1933333333333,322078,44426,46.7,2.1,0.5068834257540099
14523,Vogtlandkreis,7.2,101.3,9.0,207.0,2031.0,15.590833333333302,76.8,82.9,1941.7,85.9,1485.2,419,-1.8,36.7,165,64.5,73.1,37.6,44.7,82.37307692307691,240052,33958,47.6,2.0,0.5170338093413094
14524,Zwickau,9.6,128.3,9.0,343.0,2284.0,11.44,77.2,83.2,2110.8,79.6,1957.3,485,-1.9,31.1,343,61.5,63.5,32.5,42.5,78.5260869565218,335220,46990,47.3,2.0,0.5166129705864805
14612,"Dresden, Stadt",8.5,115.5,9.5,740.0,2782.0,1.5766666666666698,79.8,84.9,2369.5,55.1,3983.2,538,9.7,152.8,1634,57.6,68.7,35.4,37.6,55.2,512354,58928,42.6,1.9,0.5115681735674944
14625,Bautzen,8.5,51.3,10.0,207.0,2078.0,14.496666666666698,77.2,83.9,1974.9,80.9,1218.6,436,-3.3,-99.0,128,64.9,57.5,26.7,41.7,89.3581395348837,315174,42077,46.3,2.2,0.506631257654502
14626,Görlitz,10.7,72.6,12.7,154.0,2000.0,27.6183333333333,76.8,82.7,1933.3,79.8,974.2,377,-3.3,11.9,124,62.6,74.5,27.9,45.6,86.95714285714291,269647,38324,47.5,2.1,0.5123513334099767
14627,Meißen,8.4,128.9,9.8,271.0,2209.0,28.6716666666667,78.1,84.0,2093.0,84.3,1359.1,465,0.2,24.0,168,65.2,49.5,26.8,42.6,85.056,247054,32813,46.4,2.1,0.5096051875298517
14628,Sächsische Schweiz-Osterzgebirge,9.5,90.7,9.1,308.0,2065.0,24.5466666666667,78.4,84.1,1946.0,88.3,1578.5,418,2.6,-99.0,149,58.5,52.6,32.6,41.2,82.0227272727273,246818,34090,46.3,2.1,0.5082976120056074
14713,"Leipzig, Stadt",13.4,87.4,12.0,754.0,2549.0,1.585,77.7,83.3,2227.5,41.7,3484.3,508,20.3,119.4,1831,63.4,73.5,34.2,41.4,53.7,502979,57692,43.5,1.8,0.5203477679982663
14729,Leipzig,8.3,121.5,9.8,331.0,2049.0,22.684166666666698,77.6,83.5,1987.1,76.5,1164.2,452,0.0,50.9,156,62.1,43.6,30.7,44.0,84.1592592592593,262214,34316,46.2,2.1,0.5107545745078448
14730,Nordsachsen,12.5,92.4,11.3,229.0,2148.0,37.393333333333295,77.2,82.7,2056.8,85.2,946.4,436,-1.2,19.6,98,62.9,72.6,29.0,43.8,87.9666666666667,201165,25327,46.0,2.1,0.5072751224119504
15001,"Dessau-Roßlau, Stadt",11.5,91.8,12.3,213.0,2427.0,2.05,76.6,81.4,2184.7,75.6,1627.5,451,-2.7,49.0,339,60.2,114.0,40.2,45.6,76.2,86030,12906,48.1,1.9,0.5176915029640823
15002,"Halle (Saale), Stadt",11.6,98.1,12.4,456.0,2621.0,1.58,76.6,82.2,2174.7,42.7,3243.7,396,6.0,79.8,1722,68.4,127.7,29.0,40.6,55.6,229153,27961,44.3,1.8,0.5258495415726611
15003,"Magdeburg, Landeshauptstadt",10.9,115.2,11.8,357.0,2543.0,1.85166666666667,76.8,83.1,2172.7,47.0,2533.1,519,7.0,92.3,1156,65.0,100.6,40.1,41.5,63.8,228144,28113,44.7,1.8,0.515148327372186
15081,Altmarkkreis Salzwedel,13.0,94.5,9.7,84.0,2046.0,50.2133333333333,75.2,81.3,1945.6,91.4,532.0,454,-2.5,18.2,38,48.8,50.0,33.3,47.3,90.1166666666667,88241,10561,45.1,2.2,0.5010369329450028
15082,Anhalt-Bitterfeld,11.5,91.8,11.8,202.0,2108.0,21.128333333333302,75.6,81.8,2061.9,83.8,931.2,450,-4.6,18.5,114,66.0,53.9,25.7,44.8,87.45,172127,22894,47.0,2.0,0.5124239660250861
15083,Börde,8.7,108.2,8.4,174.0,2300.0,24.9858333333333,76.2,82.7,2121.8,88.1,749.2,637,-1.4,28.1,73,57.9,37.1,33.5,46.5,89.3846153846154,176048,20890,45.1,2.2,0.5036921748614014
15084,Burgenlandkreis,11.7,79.1,12.9,255.0,2209.0,27.690833333333302,76.6,82.8,2042.0,83.0,972.5,432,-1.8,33.6,130,66.3,58.5,29.5,44.2,83.03636363636359,189729,25851,47.4,2.1,0.5101697684592235
15085,Harz,8.0,102.8,9.8,169.0,2232.0,46.3066666666667,75.8,82.0,1994.4,88.5,1059.8,414,-2.3,40.4,104,58.3,74.8,31.2,46.0,85.97857142857141,226495,30731,47.0,2.0,0.5131283251285901
15086,Jerichower Land,12.3,85.8,10.2,138.0,2157.0,27.7616666666667,75.8,81.2,2037.1,88.9,673.6,439,-1.5,27.4,58,51.4,82.8,36.2,47.4,89.725,93849,11881,46.2,2.1,0.5036601348975482
15087,Mansfeld-Südharz,15.5,96.1,14.6,167.0,2083.0,42.27833333333329,76.2,82.1,1892.3,86.4,853.8,342,-4.0,19.6,98,59.1,54.9,24.2,44.5,90.08181818181819,147887,21321,47.8,2.1,0.5084828281052425
15088,Saalekreis,9.3,79.1,10.3,299.0,2336.0,17.4033333333333,76.4,82.9,2174.3,80.3,852.1,599,-2.9,30.1,130,52.0,34.8,19.4,44.9,87.79333333333331,191681,24581,45.9,2.2,0.5074420521595776
15089,Salzlandkreis,12.1,73.8,12.2,201.0,2250.0,29.818333333333303,74.9,81.5,1965.1,82.2,1009.5,407,-4.0,23.0,138,61.5,74.4,37.8,45.2,85.8,205458,27972,47.1,2.0,0.5128347399468505
15090,Stendal,12.8,101.6,14.1,77.0,2144.0,64.4866666666667,75.2,81.4,1933.4,88.9,625.6,368,-5.2,25.8,47,60.2,90.2,34.1,47.8,88.3444444444445,119204,14951,45.6,2.1,0.5060903996510184
15091,Wittenberg,10.0,90.6,11.1,136.0,2088.0,40.615,75.9,81.9,1996.1,88.6,773.2,480,-2.5,28.9,67,64.5,48.2,25.4,45.9,90.2888888888889,132994,18180,47.4,2.1,0.5107674030407386
16051,"KS Erfurt, Landeshauptstadt",8.3,78.6,9.4,348.0,2516.0,1.635,77.8,82.9,2249.8,69.0,2750.2,520,7.6,143.8,764,63.0,80.7,34.3,38.8,65.2,200868,23295,43.5,1.9,0.5195551307326204
16052,"Gera, Stadt",7.5,83.3,12.2,302.0,2212.0,1.605,76.3,82.0,2061.0,74.8,2620.9,427,1.9,62.7,621,72.0,101.9,28.6,43.9,60.6,96067,13164,47.5,1.8,0.5223021432958248
16053,KS Jena,4.4,49.2,7.1,282.0,2819.0,2.1475,79.0,84.0,2438.4,72.0,3886.6,586,3.5,172.6,943,59.1,133.5,37.0,38.3,64.6,105739,11569,41.7,1.9,0.5073624679635707
16054,"Suhl, Stadt",9.1,83.2,8.0,178.0,2323.0,40.220833333333296,75.0,79.6,2126.1,80.0,1828.2,539,-0.1,28.8,352,66.3,164.9,23.2,41.5,78.0,36960,5638,48.6,1.9,0.516801948051948
16055,"Weimar, Stadt",7.9,68.8,9.5,263.0,2638.0,18.6316666666667,77.6,82.3,2185.0,68.5,2818.3,421,2.7,123.8,751,72.5,87.4,29.6,39.6,65.1,62764,6912,43.0,1.9,0.5204735198521445
16056,"Eisenach, Stadt",7.5,49.4,9.4,181.0,2528.0,44.5191666666667,74.3,80.2,2210.3,79.0,2197.6,492,5.8,38.8,402,76.4,96.5,33.3,41.6,63.8,41753,5424,45.9,1.9,0.5164179819414174
16061,Eichsfeld,5.7,20.4,6.7,167.0,2123.0,39.254166666666706,78.3,83.2,1926.9,89.1,1158.9,410,-3.2,41.3,107,64.5,44.2,19.7,42.1,92.3461538461538,102257,12030,43.7,2.5,0.499291002082987
16062,Nordhausen,10.5,51.8,10.5,143.0,2269.0,57.7333333333333,75.8,81.6,2043.2,86.1,1162.5,393,-1.5,29.2,119,63.5,119.2,29.0,42.7,90.1,87210,11592,45.9,2.1,0.5067996789359018
16063,Wartburgkreis,7.5,49.4,6.3,156.0,2244.0,49.1233333333333,77.0,82.4,2168.5,88.0,1109.3,498,-2.3,23.2,96,64.4,41.6,23.6,43.7,91.4842105263158,128719,16383,45.6,2.3,0.5004000963338746
16064,Unstrut-Hainich-Kreis,10.8,69.6,11.2,163.0,2044.0,45.0075,76.3,82.1,1932.8,88.3,1236.4,380,-1.3,25.8,106,65.4,116.6,27.0,43.8,91.87692307692308,106122,13022,45.1,2.2,0.5071992612276437
16065,Kyffhäuserkreis,9.0,74.5,12.5,145.0,2182.0,42.49,74.7,79.9,2005.8,89.0,884.9,348,-2.5,20.9,74,66.1,67.0,21.5,46.3,91.3090909090909,80053,10719,46.6,2.2,0.5047281176220754
16066,Schmalkalden-Meiningen,9.1,83.2,6.9,153.0,2130.0,51.3766666666667,76.6,82.1,1991.4,87.5,1115.2,428,-0.9,23.7,103,64.0,68.4,23.1,43.6,90.2266666666667,127622,16687,46.2,2.2,0.5020137593831785
16067,Gotha,6.4,68.9,8.0,203.0,2229.0,25.518333333333302,77.0,82.3,2067.4,87.4,1396.9,436,2.4,35.7,145,49.5,39.0,27.6,42.5,89.54,136330,17431,45.6,2.1,0.5067336609697058
16068,Sömmerda,9.9,68.3,10.0,192.0,2101.0,22.746666666666698,75.3,81.2,1983.3,89.6,1075.4,446,-1.3,23.9,87,56.7,0.0,19.5,43.4,92.48,71865,8797,45.2,2.2,0.5019967995547207
16069,Hildburghausen,5.5,52.0,6.0,148.0,2046.0,29.1683333333333,76.3,81.9,1960.7,89.9,833.5,400,-3.1,17.5,69,61.8,87.1,29.0,44.6,91.5083333333334,66369,7972,45.4,2.4,0.5013937229730748
16070,Ilm-Kreis,9.2,58.3,8.7,197.0,2295.0,25.106666666666698,76.6,82.1,2137.8,88.0,1332.1,492,0.5,39.4,129,54.2,53.0,27.3,43.0,87.72307692307692,110361,14207,45.6,2.1,0.502097661311514
16071,Weimarer Land,7.9,68.8,7.3,231.0,2144.0,17.27,77.1,81.8,2074.5,88.8,1070.6,465,-0.7,30.9,102,56.3,136.5,27.3,44.3,90.0666666666667,82643,9966,44.7,2.2,0.5058867659692896
16072,Sonneberg,6.1,58.3,5.0,169.0,2140.0,28.115,75.1,80.8,1957.5,90.7,1727.3,464,-3.0,19.6,131,75.7,67.1,26.2,44.3,88.55555555555559,58943,7874,47.1,2.1,0.5107646370222079
16073,Saalfeld-Rudolstadt,9.4,76.6,8.6,168.0,2245.0,44.868333333333304,75.9,82.5,2058.7,89.1,1330.0,433,-2.1,30.5,106,68.4,90.3,25.5,43.2,86.74,113267,15693,47.6,2.1,0.5102986748126109
16074,Saale-Holzland-Kreis,8.7,68.8,7.5,227.0,2098.0,15.566666666666698,78.3,83.2,2015.4,89.3,1193.3,432,-0.8,35.1,103,54.8,79.1,24.3,43.1,86.43,84802,10940,45.8,2.2,0.5035258602391453
16075,Saale-Orla-Kreis,5.8,60.7,7.6,159.0,2047.0,31.516666666666698,76.4,82.1,1923.5,89.5,1001.8,437,-3.8,11.9,72,66.4,14.5,23.6,44.1,88.5133333333333,85806,11109,46.3,2.2,0.5081579376733562
16076,Greiz,7.5,83.3,9.1,240.0,2033.0,14.308333333333302,77.3,82.4,1948.6,87.2,1147.8,396,-4.2,22.0,120,53.3,43.3,30.4,44.7,85.95,105332,14530,47.6,2.1,0.5092944214483728
16077,Altenburger Land,6.3,107.2,12.0,305.0,2001.0,23.2291666666667,76.9,82.4,1910.4,84.0,1383.6,368,-4.1,16.5,163,60.4,65.4,29.2,44.7,81.7,96737,14015,48.1,2.0,0.511965432047717
