districtId,average_age,average_household_size,district_name,SES_highschool_dropouts,SES_residence_vacancies,SES_unemployment,RUR_surrounding_pop,SES_average_income,RUR_distance_to_urban_centers,SES_male_life_expectancy,SES_female_life_expectancy,SES_average_salary,RUR_area_share_farms_forests,RUR_settlement_density,SES_communal_tax_revenue,SES_net_migration,population_density,hospital_capacity,share_of_nursing_home_care,RUR_share_of_1_2_family_homes,total_population,share_female
1001,42.7,1.8,"Flensburg, Stadt",7.6,26.5,11.5,187.0,2867.0,1.5466666666666695,75.2,80.1,2235.0,32.5,2860.2,619.0,9.6,1493.0,101.9,40.6,71.9,82258.0,0.50723333900654
1002,41.3,1.9,KS Kiel,7.4,25.7,10.5,408.0,3129.0,1.3908333333333305,77.1,82.1,2496.2,35.6,3788.3,590.0,8.6,2049.0,93.2,34.4,67.1,235782.0,0.518601928900425
1003,44.2,1.9,KS Lübeck,9.9,29.3,10.6,403.0,2885.0,2.01333333333333,77.3,82.1,2327.3,46.9,2720.6,574.0,8.8,1001.0,80.2,47.3,75.5,210305.0,0.525298970542783
1004,43.5,2.0,"Neumünster, Stadt",7.4,33.9,11.1,306.0,2699.0,1.58833333333333,76.3,81.0,2295.7,46.8,2160.7,600.0,5.4,1083.0,87.4,39.9,81.7,77249.0,0.5118383409493971
1051,44.1,2.2,Dithmarschen,9.8,31.5,8.0,111.0,2749.0,64.83166666666669,77.2,81.6,2152.4,79.9,846.4,599.0,2.4,93.0,53.0,39.1,93.8625,133900.0,0.510619865571322
1053,43.6,2.3,Herzogtum Lauenburg,7.7,29.9,6.2,349.0,2676.0,26.614166666666694,78.8,82.8,2211.6,83.8,1320.9,629.0,8.0,151.0,31.6,36.8,90.99285714285708,187138.0,0.513856084814415
1054,43.8,2.2,Nordfriesland,7.3,22.4,7.0,75.0,2619.0,47.4483333333333,77.9,82.5,2194.7,81.1,740.5,696.0,1.8,78.0,44.9,37.0,92.67692307692309,163665.0,0.514001160907952
1055,46.1,2.1,Ostholstein,8.5,24.6,6.8,149.0,2480.0,41.20666666666671,78.0,82.4,2020.8,82.3,1221.3,583.0,6.1,142.0,90.1,44.2,89.455,198413.0,0.519865129805003
1056,43.6,2.2,Pinneberg,6.1,21.1,5.6,624.0,2864.0,22.235,78.8,83.1,2421.1,70.6,2133.0,794.0,9.1,458.0,32.0,37.0,90.28947368421049,296341.0,0.513918087608532
1057,45.0,2.3,Plön,8.0,26.0,5.9,205.0,2610.0,22.998333333333306,79.3,82.9,1978.1,79.6,1243.7,622.0,2.4,117.0,17.7,34.1,92.7692307692308,127676.0,0.516847332309909
1058,43.5,2.3,Rendsburg-Eckernförde,7.4,33.9,5.7,213.0,2778.0,24.065,78.6,82.8,2173.6,83.3,1090.4,605.0,2.6,123.0,40.6,38.7,92.4,269364.0,0.5104468303114
1059,43.5,2.3,Schleswig-Flensburg,7.6,26.5,8.1,132.0,2565.0,25.696666666666694,78.4,82.3,2030.6,82.4,880.2,541.0,2.5,94.0,34.1,42.6,93.3944444444444,196025.0,0.5071802066062999
1060,43.0,2.3,Segeberg,6.7,22.8,5.1,391.0,2816.0,22.485,79.0,82.8,2381.4,83.6,1477.5,733.0,6.1,197.0,64.1,44.8,91.9266666666667,260665.0,0.510854928739954
1061,43.6,2.2,Steinburg,8.6,42.0,6.1,246.0,2815.0,42.30166666666671,77.1,81.9,2213.9,82.0,1120.4,650.0,2.3,123.0,48.6,39.2,91.9,130783.0,0.5090493412752419
1062,43.9,2.3,Stormarn,5.2,21.4,4.2,596.0,2873.0,17.5208333333333,79.6,83.3,2444.0,80.0,1791.4,901.0,9.3,309.0,48.3,46.2,91.23333333333339,230555.0,0.515621001496389
2000,41.9,1.9,"KS Hamburg, Freie und Hansesta",6.0,15.8,7.7,2043.0,3444.0,1.97666666666667,78.5,83.2,3103.9,31.3,3905.7,1156.0,7.6,2334.0,65.0,31.5,67.4,1706696.0,0.516345617497199
3101,43.0,1.9,KS Braunschweig,5.5,31.9,7.7,497.0,3247.0,1.30666666666667,77.6,83.1,2675.9,49.8,2751.0,815.0,8.3,1293.0,80.6,34.7,68.8,242537.0,0.512948539810421
3102,44.6,2.1,"Salzgitter, Stadt",3.8,71.85,9.3,383.0,3785.0,1.505,76.2,81.4,3042.0,68.2,1542.0,795.0,3.8,442.0,46.8,28.1,75.6,98895.0,0.514485059912028
3103,44.2,2.1,KS Wolfsburg,4.2,38.1,5.4,310.0,4504.0,1.925,78.3,82.9,4039.1,65.4,1927.9,1846.0,8.8,603.0,46.7,29.1,80.2,119984.0,0.510376383517802
3151,41.9,2.5,Gifhorn,4.8,30.5,5.5,199.0,2907.0,24.9516666666667,78.2,83.6,2059.4,85.8,1022.5,592.0,2.6,110.0,26.4,23.6,94.44,171331.0,0.5032889552970571
3153,46.6,2.0,Goslar,6.7,69.7,9.2,195.0,2727.0,25.0266666666667,77.1,82.1,2224.1,87.0,1305.9,542.0,2.7,142.0,80.4,39.3,83.9,140137.0,0.514382354410327
3154,45.1,2.2,Helmstedt,5.6,69.5,7.8,228.0,2536.0,13.73,76.1,81.2,2122.0,84.0,1118.8,503.0,4.5,135.0,85.0,39.7,89.6777777777778,91410.0,0.5097363526966421
3155,45.4,2.3,Northeim,5.2,64.9,7.3,205.0,2757.0,30.6791666666667,77.3,82.1,2229.1,87.2,914.5,577.0,-0.9,106.0,33.4,30.1,90.0181818181818,137446.0,0.510687833767443
3157,43.3,2.3,Peine,3.9,39.6,6.4,387.0,2800.0,16.555,77.6,82.1,2150.1,79.3,1362.8,577.0,3.8,244.0,23.9,33.8,92.825,130398.0,0.510605990889431
3158,44.4,2.2,Wolfenbüttel,3.8,71.85,6.5,300.0,2786.0,12.876666666666699,78.1,82.2,2094.6,86.5,1379.6,599.0,3.0,166.0,24.7,33.6,91.65,120773.0,0.509203215950585
3159,44.75,2.1,Göttingen,4.65,53.3,7.85,199.5,2888.5,27.23125,77.25,82.2,2330.5,85.4,1296.9,599.0,1.4,170.0,91.9,37.25,87.9636904761905,324823.0,0.5136489719016201
3241,43.2,2.0,Region Hannover,4.9,33.0,8.5,468.0,3194.0,17.4066666666667,78.4,83.4,2682.2,73.5,2216.4,814.0,6.9,492.0,62.6,33.2,85.9,1102242.0,0.516920059297323
3251,43.6,2.4,Diepholz,4.4,31.2,4.6,227.0,2669.0,44.7391666666667,78.2,82.8,2074.2,84.5,837.3,736.0,4.4,106.0,22.9,28.9,93.9933333333333,211184.0,0.5045410637169481
3252,45.4,2.1,Hameln-Pyrmont,6.5,60.7,8.3,310.0,2970.0,40.9058333333333,76.9,82.1,2372.5,83.9,1302.8,622.0,1.4,186.0,75.0,33.3,86.9875,150259.0,0.520527888512502
3254,44.0,2.2,Hildesheim,5.7,49.8,7.9,338.0,2885.0,15.615,77.3,82.5,2264.8,82.6,1473.0,604.0,1.7,228.0,66.8,33.0,90.5263157894737,277594.0,0.5176408712003859
3255,45.5,2.3,Holzminden,6.6,72.8,8.3,216.0,2934.0,50.4,76.4,80.9,2363.7,87.4,959.2,605.0,-0.6,103.0,29.5,32.3,88.8833333333333,73547.0,0.5098236501828761
3256,43.3,2.4,Nienburg (Weser),5.9,43.1,6.2,214.0,2671.0,51.695,77.2,82.1,2172.8,84.3,749.3,598.0,0.8,86.0,26.5,31.0,93.11,122242.0,0.504433827980563
3257,44.8,2.2,Schaumburg,3.5,57.5,7.6,346.0,2750.0,35.0566666666667,77.6,82.6,2127.4,79.9,1283.0,550.0,2.8,231.0,41.2,37.1,88.65,157497.0,0.515152669574659
3351,43.7,2.3,Celle,5.6,42.8,7.9,202.0,2984.0,18.8708333333333,77.4,82.6,2346.2,85.1,977.4,615.0,2.6,114.0,36.8,34.5,93.5,176690.0,0.512428547173015
3352,44.7,2.3,Cuxhaven,7.0,34.8,6.3,178.0,2670.0,27.8316666666667,77.4,82.1,1991.8,84.5,855.8,507.0,2.8,96.0,35.7,30.1,94.1538461538462,198778.0,0.5118926641781281
3353,43.5,2.3,Harburg,3.2,21.2,5.0,454.0,2632.0,21.603333333333307,78.9,83.4,2103.7,80.8,1190.5,705.0,8.8,197.0,30.5,29.9,93.1666666666667,238442.0,0.514393437397774
3354,46.2,2.3,Lüchow-Dannenberg,6.1,48.6,10.6,71.0,2485.0,59.465,76.2,80.0,1959.7,89.1,491.0,489.0,4.3,40.0,22.6,31.0,94.5,49205.0,0.5095823595163089
3355,41.8,2.2,Lüneburg,4.0,24.9,6.6,207.0,2728.0,18.945,77.6,82.7,2165.7,84.1,1175.4,582.0,7.4,135.0,48.1,36.5,92.2727272727273,174123.0,0.514452427307133
3356,43.8,2.3,Osterholz,5.0,27.2,4.6,358.0,2580.0,19.154166666666697,77.7,82.0,1985.7,80.1,1112.0,577.0,5.0,171.0,19.0,33.5,94.74285714285708,110907.0,0.5107161856330079
3357,42.1,2.4,Rotenburg (Wümme),4.9,29.2,4.6,214.0,2689.0,40.185,77.7,82.7,2086.2,87.2,718.4,589.0,0.9,78.0,61.0,28.1,95.22307692307692,162726.0,0.5009217949190661
3358,43.4,2.3,Heidekreis,6.5,41.2,7.0,173.0,2757.0,39.6091666666667,77.4,82.5,2168.7,74.9,768.4,563.0,2.6,73.0,36.1,32.2,92.4384615384616,136693.0,0.507963099792967
3359,42.4,2.3,Stade,4.8,27.7,6.4,329.0,2954.0,74.65,78.0,82.4,2256.7,79.8,1275.6,650.0,4.8,156.0,46.1,29.8,93.7545454545455,195450.0,0.502711690969557
3360,45.2,2.2,Uelzen,4.0,46.4,7.4,127.0,2586.0,33.9,76.7,81.1,2018.3,86.5,721.4,569.0,3.6,64.0,86.9,42.1,92.6166666666667,93595.0,0.5145039799134571
3361,43.0,2.3,Verden,4.2,27.2,5.7,264.0,2801.0,24.0433333333333,78.7,82.5,2318.0,82.0,1119.5,755.0,3.9,169.0,19.7,34.7,92.9625,132300.0,0.512350718065004
3401,43.6,2.1,"Delmenhorst, Stadt",4.4,31.2,10.6,513.0,2724.0,10.1916666666667,77.3,82.2,1879.8,48.0,2486.2,506.0,7.0,1200.0,63.6,22.2,88.0,73322.0,0.510747115463299
3402,42.5,2.1,"Emden, Stadt",8.4,26.0,9.3,194.0,3438.0,75.1316666666667,74.1,79.1,2705.3,62.3,1599.7,941.0,3.5,445.0,70.0,25.9,87.1,49787.0,0.5115190712434969
3403,41.8,2.0,KS Oldenburg (Oldenburg),5.0,15.6,8.5,369.0,2960.0,1.77583333333333,78.3,82.9,2362.0,36.0,2612.1,708.0,6.2,1562.0,104.5,31.2,83.8,157267.0,0.525634748548647
3404,42.3,2.0,KS Osnabrück,4.8,29.1,8.3,449.0,3048.0,1.4133333333333302,77.9,82.7,2321.5,48.0,2634.5,750.0,6.4,1310.0,126.5,32.4,70.1,153699.0,0.5241738723088629
3405,45.4,1.9,"Wilhelmshaven, Stadt",4.4,41.7,12.6,188.0,3031.0,1.97333333333333,75.4,80.8,2356.3,48.7,1561.9,528.0,1.1,707.0,87.8,32.8,69.9,77451.0,0.509651263379427
3451,43.0,2.3,Ammerland,3.3,19.8,4.8,242.0,2652.0,18.915833333333303,78.6,83.3,2186.4,79.6,963.0,615.0,8.0,165.0,67.6,29.8,95.1333333333333,117912.0,0.510626568966687
3452,43.0,2.3,Aurich,8.4,26.0,7.9,149.0,2573.0,59.118333333333304,76.5,81.5,1921.1,78.4,994.9,714.0,4.9,146.0,36.8,18.1,92.8066666666667,187135.0,0.511726828225613
3453,39.1,2.8,Cloppenburg,5.2,17.8,5.7,191.0,2512.0,35.01,77.2,83.0,2008.2,82.3,822.0,586.0,4.9,115.0,30.5,23.2,96.2076923076923,159337.0,0.496551334592719
3454,40.9,2.6,Emsland,4.6,17.9,3.8,197.0,2828.0,59.6683333333333,78.0,83.0,2176.8,81.5,808.9,654.0,4.5,110.0,55.1,17.2,96.3,311089.0,0.49722426701040506
3455,44.6,2.2,Friesland,4.4,41.7,6.4,168.0,2695.0,20.3575,77.8,82.0,2119.7,80.3,972.2,508.0,1.9,160.0,46.8,31.1,92.1625,98229.0,0.51277117755449
3456,41.8,2.5,Grafschaft Bentheim,6.2,18.2,4.7,283.0,2686.0,64.9466666666667,78.8,83.2,2023.7,81.6,959.0,571.0,2.7,137.0,44.6,25.9,96.37142857142858,133395.0,0.503729525094644
3457,42.2,2.4,Leer,8.0,24.2,7.0,191.0,2622.0,49.8766666666667,77.0,81.5,1922.1,75.9,1015.2,492.0,6.2,153.0,42.2,23.5,95.7833333333333,163832.0,0.506628741637775
3458,42.8,2.4,Oldenburg (Oldenburg),4.9,21.8,4.9,295.0,2538.0,19.163333333333306,78.6,82.3,2000.3,83.6,838.4,638.0,6.3,119.0,18.8,34.3,95.425,125014.0,0.5073511766682129
3459,41.9,2.5,Osnabrück,4.9,31.0,4.2,304.0,2680.0,24.913333333333306,78.8,83.3,2113.4,82.8,1123.3,631.0,2.2,166.0,47.7,30.6,89.7857142857143,350147.0,0.5074040331632139
3460,39.1,2.7,Vechta,5.9,14.5,3.9,215.0,2675.0,34.2366666666667,79.1,83.1,2137.3,80.3,1009.0,792.0,6.1,168.0,66.1,26.7,95.71,132294.0,0.5002721211846339
3461,43.8,2.2,Wesermarsch,3.8,36.9,7.5,250.0,3264.0,25.588333333333306,76.7,81.2,2510.6,82.8,920.1,696.0,0.8,108.0,24.6,35.2,92.94444444444441,90035.0,0.503604153940134
3462,43.6,2.3,Wittmund,4.7,27.1,7.2,136.0,2483.0,31.6916666666667,76.7,81.3,1894.7,82.6,801.4,557.0,2.9,86.0,29.0,24.3,91.1166666666667,56839.0,0.513467865374127
4011,43.2,2.0,KS Bremen,5.9,30.4,10.6,763.0,3331.0,2.12083333333333,77.6,82.7,2651.9,31.8,2878.3,756.0,5.9,1695.0,73.7,29.7,77.4,542707.0,0.514688404608748
4012,43.8,1.9,KS Bremerhaven,5.9,64.1,15.4,245.0,3041.0,2.49833333333333,74.4,81.2,2558.0,24.1,2499.6,590.0,8.0,1174.0,97.3,20.6,73.4,108156.0,0.51255593771959
5111,42.9,1.9,KS Düsseldorf,5.8,28.8,9.0,1884.0,3690.0,1.88833333333333,78.6,82.9,3321.5,32.3,4627.2,1250.0,7.1,2781.0,84.8,28.3,50.1,586291.0,0.519885176473799
5112,43.2,2.1,KS Duisburg,7.0,53.9,13.0,1710.0,3326.0,1.295,76.5,81.5,2808.0,27.8,3354.1,546.0,1.4,2085.0,93.1,25.7,60.3,488468.0,0.5131103777524829
5113,44.1,1.9,KS Essen,6.8,44.4,12.3,2023.0,3304.0,1.24333333333333,76.9,82.0,2819.9,29.5,4034.8,710.0,8.3,2728.0,98.1,35.9,54.9,566201.0,0.521842949765189
5114,43.7,2.0,KS Krefeld,6.4,47.7,11.0,1401.0,3352.0,1.33,77.4,82.0,2824.7,40.9,2899.3,728.0,3.3,1615.0,90.6,22.2,72.4,222247.0,0.519665057346106
5116,43.3,2.1,KS Mönchengladbach,6.8,46.7,11.4,1087.0,2950.0,1.27833333333333,76.8,81.9,2451.2,49.3,3057.7,690.0,4.4,1507.0,84.6,23.1,74.4,255188.0,0.51502029876013
5117,45.3,2.0,KS Mülheim a.d.Ruhr,3.9,37.7,8.1,1834.0,3373.0,6.925,77.8,82.2,2825.4,42.1,3289.7,741.0,4.7,1831.0,53.9,32.2,65.1,166865.0,0.525574566266143
5119,43.9,2.0,KS Oberhausen,5.6,41.0,11.8,1626.0,3145.0,6.115,76.2,81.4,2506.6,22.0,3574.5,577.0,2.8,2715.0,69.8,25.5,62.5,210215.0,0.514363865566206
5120,43.9,2.1,KS Remscheid,5.1,63.6,9.1,1274.0,3177.0,9.67916666666667,76.9,81.8,2706.5,54.1,3313.9,762.0,-1.0,1463.0,96.0,23.1,68.3,110708.0,0.5139465982584821
5122,43.5,2.1,KS Solingen,5.3,51.0,8.8,1605.0,2938.0,14.25,78.2,81.8,2450.8,49.9,3600.8,727.0,6.0,1751.0,73.0,30.0,69.5,155265.0,0.521263646024539
5124,43.4,2.0,KS Wuppertal,5.9,56.9,11.4,1659.0,3191.0,1.445,77.2,82.2,2644.9,48.4,4175.2,690.0,4.9,2051.0,59.9,31.1,58.8,342661.0,0.519125316274686
5154,42.5,2.3,Kleve,5.6,25.5,6.1,587.0,2748.0,41.4283333333333,78.1,82.6,2129.8,78.8,1487.6,616.0,5.8,247.0,58.9,25.2,92.29375,300990.0,0.5074886208844149
5158,44.6,2.1,Mettmann,4.6,30.6,6.9,1709.0,3291.0,8.86166666666667,78.7,82.9,2931.7,57.0,2939.5,1128.0,3.1,1173.0,49.8,30.8,77.85,477777.0,0.520186195651946
5162,43.5,2.2,Neuss,3.9,25.3,6.3,1345.0,3263.0,10.6433333333333,79.0,83.1,2885.5,61.0,2471.6,852.0,4.9,768.0,46.5,23.1,86.5625,437393.0,0.516315990425087
5166,43.3,2.3,Viersen,4.5,29.7,7.2,914.0,2882.0,11.39,78.7,82.2,2352.0,71.9,2039.3,695.0,2.3,524.0,48.4,22.2,89.9,296176.0,0.515274701528821
5170,44.0,2.2,Wesel,4.6,26.9,7.4,863.0,2894.0,26.2033333333333,78.1,83.0,2262.8,71.5,1921.5,632.0,1.9,439.0,54.9,23.4,86.8846153846154,460420.0,0.51520568176882
5314,41.2,2.0,KS Bonn,3.9,27.3,7.0,984.0,3621.0,1.4291666666666698,79.6,84.3,3073.2,44.4,4396.3,881.0,5.9,2226.0,131.1,32.0,68.4,305765.0,0.527558746095858
5315,41.3,1.9,KS Köln,5.0,24.6,9.7,1905.0,3506.0,1.52333333333333,78.4,82.7,3036.7,33.7,4237.6,919.0,8.6,2584.0,69.8,26.8,59.6,1005775.0,0.515112226889712
5316,43.7,2.1,KS Leverkusen,3.7,27.6,8.1,1596.0,3951.0,12.753333333333302,78.8,83.3,3334.5,35.6,3434.3,742.0,5.8,2048.0,67.8,25.0,71.9,158984.0,0.517423136919438
5334,42.2,2.0,Städteregion Aachen,4.5,31.0,8.9,625.0,3158.0,12.338333333333301,78.6,82.8,2525.4,69.9,2831.3,686.0,4.9,775.0,73.5,23.5,85.02,539515.0,0.50386550883664
5358,42.9,2.3,Düren,4.2,35.1,8.0,672.0,3110.0,23.84,77.8,82.5,2312.2,77.3,1677.4,631.0,3.0,275.0,70.3,23.0,92.4133333333333,258761.0,0.508720402224447
5362,43.0,2.2,Erftkreis,4.8,29.3,7.7,1053.0,3074.0,15.295833333333302,78.7,82.6,2612.3,65.9,2399.5,741.0,5.9,652.0,30.3,24.9,86.63,451515.0,0.514820105644331
5366,43.1,2.3,Euskirchen,4.0,36.1,6.4,369.0,2914.0,43.2666666666667,77.6,82.2,2304.9,85.0,1118.3,615.0,3.6,151.0,58.1,27.2,93.8909090909091,187939.0,0.508814030084229
5370,42.6,2.4,Heinsberg,5.5,33.6,7.5,765.0,2779.0,22.766666666666694,78.1,82.3,2105.0,75.0,1712.0,568.0,3.7,397.0,39.9,25.0,94.0,248161.0,0.509544207188075
5374,42.6,2.3,Oberbergischer Kreis,4.0,45.2,6.3,704.0,3142.0,29.635,78.0,82.5,2515.7,78.0,1490.7,734.0,0.1,295.0,58.1,28.2,88.8846153846154,273011.0,0.513389570383611
5378,44.0,2.2,Rheinisch-Bergischer Kreis,3.7,32.2,6.4,1219.0,3040.0,16.5008333333333,79.8,83.4,2355.9,73.4,2605.8,715.0,3.6,639.0,41.9,26.4,87.25,278182.0,0.516963714402801
5382,42.6,2.3,Rhein-Sieg-Kreis,4.7,27.6,5.8,764.0,2914.0,18.045833333333302,79.5,83.6,2277.5,73.7,2158.1,687.0,4.6,508.0,25.9,25.0,89.74736842105257,578252.0,0.5140129217019571
5512,43.8,2.1,KS Bottrop,5.2,32.3,8.6,1686.0,3064.0,13.531666666666698,76.8,81.8,2333.6,52.0,2628.8,529.0,1.5,1153.0,60.7,27.3,71.6,117311.0,0.517675239321121
5513,43.3,2.0,KS Gelsenkirchen,9.3,66.3,14.4,1692.0,3074.0,10.456666666666699,75.8,80.7,2548.2,22.2,3296.4,455.0,2.9,2455.0,68.0,25.7,51.5,258766.0,0.510623497677438
5515,40.5,2.0,KS Münster (Westf.),4.4,21.2,6.0,639.0,3241.0,1.8316666666666697,80.1,84.4,2719.3,63.5,2976.1,887.0,16.1,996.0,123.0,35.7,72.9,289576.0,0.523472249081416
5554,40.7,2.5,Borken,4.8,19.3,4.4,475.0,2940.0,42.4366666666667,78.4,83.3,2239.0,81.0,1505.5,683.0,0.7,257.0,52.5,24.6,92.78235294117648,363754.0,0.504599262138698
5558,42.0,2.4,Coesfeld,3.4,22.3,3.4,575.0,2825.0,21.8266666666667,79.1,83.3,2165.9,84.2,1410.8,640.0,1.4,194.0,39.6,34.6,91.6090909090909,215269.0,0.51088173401651
5562,44.1,2.1,Recklinghausen,6.0,38.4,11.0,1094.0,2995.0,21.3483333333333,77.3,82.4,2412.8,63.2,2466.0,562.0,1.3,806.0,80.7,26.4,76.64,619382.0,0.515620408729992
5566,41.6,2.5,Steinfurt,4.6,25.1,4.8,367.0,2839.0,22.7458333333333,79.0,83.7,2247.3,80.0,1364.5,612.0,2.2,243.0,52.3,28.9,93.1208333333333,433660.0,0.507429783701517
5570,42.3,2.4,Warendorf,3.4,29.4,5.8,462.0,3043.0,25.05,78.8,83.8,2404.8,83.3,1433.0,678.0,1.2,207.0,56.0,29.6,89.8461538461538,273477.0,0.510872943611346
5711,42.1,2.1,KS Bielefeld,4.5,31.9,9.6,719.0,3137.0,1.20166666666667,78.7,83.5,2578.0,56.4,2986.7,690.0,2.9,1274.0,120.3,27.0,70.2,326870.0,0.5187352770214461
5754,41.6,2.4,Gütersloh,4.1,28.7,5.2,492.0,3041.0,18.4375,79.0,83.6,2587.1,75.9,1683.0,921.0,3.8,366.0,34.9,22.9,87.16153846153853,350419.0,0.506388066857105
5758,43.4,2.3,Herford,4.3,46.8,6.4,498.0,2885.0,17.935,78.0,83.4,2425.6,68.4,1834.5,694.0,1.2,553.0,44.1,29.6,89.04444444444441,250704.0,0.514403439913204
5762,43.1,2.4,Höxter,4.7,46.6,5.6,219.0,2769.0,29.1025,77.6,82.4,2145.3,88.1,1126.9,533.0,-1.6,119.0,64.7,25.1,91.77,145679.0,0.5066413141221451
5766,43.2,2.3,Lippe,4.8,48.3,7.7,392.0,2996.0,26.1808333333333,78.6,83.5,2407.2,81.9,1642.7,646.0,-0.4,277.0,47.3,35.3,87.26875,348681.0,0.51584112699
5770,43.2,2.4,Minden-Lübbecke,5.2,43.3,6.2,328.0,2908.0,41.725,78.3,83.0,2442.7,76.4,1349.3,676.0,0.4,268.0,76.7,34.1,90.7727272727273,312169.0,0.512558902389411
5774,40.5,2.3,Paderborn,3.9,28.7,6.6,325.0,2919.0,11.148333333333301,79.3,83.6,2382.6,82.7,1532.9,640.0,3.2,240.0,59.1,29.0,89.12,294602.0,0.505305462963592
5911,44.2,1.9,KS Bochum,5.5,37.2,10.1,1805.0,3168.0,1.08166666666667,77.3,82.2,2560.4,28.1,3524.6,625.0,2.9,2484.0,98.4,27.0,57.5,362286.0,0.51989036286249
5913,43.1,2.0,KS Dortmund,7.0,39.7,13.0,1532.0,3181.0,1.26666666666667,76.7,82.0,2570.1,38.1,3405.3,632.0,6.3,2068.0,67.7,30.9,61.7,571143.0,0.5145278853106839
5914,44.2,2.0,KS Hagen,5.0,69.5,10.6,1188.0,3151.0,1.925,76.5,81.3,2616.6,61.3,3318.0,623.0,2.1,1164.0,92.8,25.9,60.2,187944.0,0.5181383816455971
5915,42.6,2.2,KS Hamm,5.6,39.8,10.4,716.0,2903.0,25.271666666666693,77.1,81.9,2348.8,63.8,2379.4,532.0,3.2,780.0,99.3,32.5,78.6,176037.0,0.5141078296040039
5916,44.2,2.0,KS Herne,6.6,53.7,13.2,1621.0,3132.0,6.81666666666667,75.3,81.1,2611.2,19.9,3870.9,486.0,4.6,3007.0,105.1,27.2,56.2,155160.0,0.5191415313225061
5954,44.9,2.1,Ennepe-Ruhr-Kreis,4.4,46.8,7.6,1421.0,3130.0,9.47,77.8,81.8,2542.0,68.9,2746.9,749.0,2.4,791.0,58.7,33.2,72.7222222222222,326050.0,0.518058579972397
5958,43.2,2.3,Hochsauerlandkreis,5.0,47.3,5.3,267.0,3017.0,50.7783333333333,78.2,83.1,2325.3,86.5,1099.5,674.0,-1.8,133.0,80.1,27.9,88.5583333333333,266511.0,0.5067107924250779
5962,43.1,2.2,Märkischer Kreis,7.0,52.7,7.2,689.0,3125.0,26.08,77.4,82.4,2605.5,81.2,2293.0,751.0,-3.6,390.0,70.8,31.5,80.68,423818.0,0.5122977315734579
5966,42.0,2.4,Olpe,5.3,34.7,4.7,365.0,3115.0,36.4275,78.3,82.3,2454.1,83.2,1281.0,836.0,-1.4,189.0,61.7,25.4,89.62857142857142,136490.0,0.502915964539527
5970,43.1,2.3,Siegen,3.5,37.6,6.0,292.0,3250.0,22.03,77.8,82.6,2649.1,83.2,1529.0,813.0,1.9,244.0,76.4,22.9,91.2181818181818,276834.0,0.5105117146015301
5974,42.8,2.3,Soest,4.3,34.1,6.6,394.0,2986.0,31.123333333333306,77.5,82.5,2370.1,82.1,1456.3,665.0,3.0,223.0,68.9,36.7,89.3428571428571,296875.0,0.510578526315789
5978,43.9,2.2,Unna,5.8,33.9,9.5,926.0,2827.0,14.6333333333333,77.3,82.4,2382.2,66.3,2266.8,620.0,0.8,721.0,68.5,25.9,81.78,396060.0,0.51571479068828
6411,41.2,2.0,KS Darmstadt,3.2,24.6,6.4,886.0,3914.0,2.4966666666666697,78.8,82.6,3057.3,63.4,3556.3,1003.0,16.9,1244.0,97.6,31.2,67.1,143499.0,0.503041833044133
6412,40.8,2.0,KS Frankfurt am Main,5.0,26.5,7.5,1440.0,3956.0,2.105,79.2,83.8,3486.5,39.3,4961.9,1586.0,14.8,2890.0,84.2,21.6,50.4,667925.0,0.510531871093311
6413,41.1,2.1,KS Offenbach am Main,8.0,33.2,11.0,1111.0,3426.0,2.05833333333333,78.1,82.2,2944.8,47.5,5499.5,709.0,12.2,2695.0,92.7,22.3,57.2,113443.0,0.510511887026965
6414,42.3,2.1,KS Wiesbaden,6.6,31.1,7.5,916.0,3576.0,1.69666666666667,79.6,83.3,3029.0,57.2,3437.7,1032.0,5.6,1349.0,75.9,26.1,64.3,269121.0,0.52484941717666
6431,43.8,2.3,Bergstraße,3.4,40.3,4.7,641.0,2884.0,21.2783333333333,78.3,82.8,2472.4,80.7,2262.2,770.0,5.7,367.0,39.3,26.7,88.0227272727273,260741.0,0.51142321307351
6432,42.7,2.3,Darmstadt-Dieburg,5.5,35.0,4.9,697.0,2947.0,15.076666666666698,79.8,83.7,2506.8,79.3,2334.5,802.0,5.5,437.0,18.6,21.6,87.9695652173913,282601.0,0.507765365303024
6433,42.2,2.3,Groß-Gerau,5.9,31.6,5.9,859.0,3548.0,14.659166666666698,78.9,83.0,3017.9,70.0,2465.6,785.0,9.8,576.0,39.6,24.5,83.49285714285709,251049.0,0.5079287310445371
6434,43.7,2.2,Hochtaunuskreis,3.2,32.5,4.0,739.0,3709.0,22.2,80.9,84.0,2949.2,79.7,2491.1,1142.0,6.9,479.0,48.8,31.5,86.8,226130.0,0.521001194003449
6435,43.2,2.3,Main-Kinzig-Kreis,4.8,41.3,5.3,381.0,3015.0,26.463333333333306,79.0,83.4,2585.0,82.3,1839.4,768.0,6.1,292.0,41.5,24.2,87.8724137931035,400862.0,0.512712604337652
6436,43.1,2.2,Main-Taunus-Kreis,3.6,25.1,4.4,1021.0,3892.0,7.76333333333333,80.5,84.3,3118.9,65.7,3217.4,1430.0,7.0,1034.0,29.3,21.8,82.725,224059.0,0.515502613151
6437,43.9,2.4,Odenwaldkreis,5.4,54.0,5.8,440.0,2792.0,38.161666666666704,78.2,82.2,2360.5,88.5,1443.0,603.0,1.9,154.0,43.8,32.4,91.15333333333332,96613.0,0.5088963183008499
6438,43.1,2.2,Offenbach,3.9,28.7,5.8,948.0,3301.0,11.573333333333302,80.4,84.2,2850.2,67.6,3228.6,919.0,7.2,959.0,19.1,23.4,79.9615384615385,332328.0,0.5127524614236539
6439,43.9,2.3,Rheingau-Taunus-Kreis,5.0,40.5,4.4,529.0,3008.0,21.678333333333306,79.6,83.1,2397.0,84.6,1699.5,776.0,5.3,224.0,45.1,26.1,86.5941176470588,180226.0,0.512678525850876
6440,43.0,2.3,Wetteraukreis,4.7,37.8,5.1,492.0,2992.0,24.005,79.0,82.9,2578.8,82.6,1746.9,726.0,6.3,270.0,42.1,26.1,89.124,292573.0,0.510744327056837
6531,42.0,2.2,Gießen,4.1,38.0,7.1,346.0,3063.0,12.506666666666698,79.1,83.3,2508.6,79.9,1670.2,665.0,9.0,304.0,87.4,23.4,88.43888888888891,251238.0,0.5133737730757291
6532,43.2,2.3,Lahn-Dill-Kreis,4.7,38.0,6.2,344.0,3122.0,18.771666666666697,78.6,83.0,2600.3,81.5,1418.3,767.0,0.7,236.0,71.0,24.3,93.0782608695652,253441.0,0.512300693257997
6533,42.9,2.4,Limburg-Weilburg,4.3,48.9,5.8,403.0,2816.0,27.8675,77.8,82.2,2478.2,80.3,1343.8,654.0,2.4,231.0,57.3,22.8,92.53157894736843,170696.0,0.508406758213432
6534,41.7,2.3,Marburg-Biedenkopf,4.9,35.0,4.8,239.0,3130.0,14.965,78.3,83.3,2569.8,84.4,1377.8,804.0,1.6,191.0,67.1,22.7,91.8363636363636,241226.0,0.512809564474808
6535,44.9,2.4,Vogelsbergkreis,4.3,53.5,5.0,189.0,2794.0,29.1516666666667,77.4,82.9,2354.8,88.0,704.7,580.0,-2.0,73.0,64.5,21.7,93.9894736842105,108510.0,0.505234540595337
6611,42.4,1.9,KS Kassel,7.6,43.3,10.1,401.0,3245.0,1.5,77.5,82.9,2679.5,37.0,3032.7,825.0,5.9,1824.0,132.9,22.4,64.4,190765.0,0.520415170497733
6631,42.4,2.3,Fulda,3.9,48.5,3.9,168.0,2772.0,16.8758333333333,79.2,83.9,2544.1,83.7,1121.2,652.0,2.8,157.0,66.8,25.7,89.0869565217391,216179.0,0.510632392600576
6632,44.8,2.4,Hersfeld-Rotenburg,3.6,52.2,5.2,156.0,2716.0,40.4983333333333,77.9,82.7,2671.9,86.3,898.8,667.0,1.4,109.0,81.8,21.4,93.65,120694.0,0.5086748305632429
6633,45.0,2.3,Kassel,3.8,32.0,5.1,252.0,3300.0,19.5133333333333,78.4,82.8,2783.9,84.4,1295.4,728.0,3.0,181.0,40.7,28.6,91.11034482758622,234933.0,0.514095508081027
6634,44.2,2.4,Schwalm-Eder-Kreis,5.9,51.5,5.2,191.0,2847.0,31.105,77.6,82.0,2605.9,84.5,961.5,555.0,1.1,117.0,35.8,26.2,92.6333333333333,181850.0,0.504729172394831
6635,44.0,2.3,Waldeck-Frankenberg,6.2,46.9,5.2,172.0,2890.0,35.9583333333333,78.2,82.7,2505.4,87.8,847.1,628.0,-0.1,85.0,103.0,30.7,91.8454545454545,158990.0,0.508182904585194
6636,45.8,2.3,Werra-Meißner-Kreis,5.6,66.1,6.8,186.0,2688.0,41.8175,76.7,82.0,2281.0,86.1,858.5,501.0,1.4,98.0,59.6,23.2,92.86875,102124.0,0.5137479926364029
7111,43.7,2.0,KS Koblenz,5.9,39.5,6.9,429.0,3171.0,2.19833333333333,77.9,82.4,2715.9,57.3,2905.5,959.0,11.1,1060.0,157.1,40.6,67.0,107825.0,0.520964525852075
7131,44.9,2.2,Ahrweiler,3.5,48.0,4.2,372.0,2753.0,32.24,79.0,82.8,2152.7,84.3,1179.1,584.0,5.6,161.0,71.9,28.7,89.1375,125885.0,0.513071454104937
7132,43.3,2.4,Altenkirchen (Westerwald),4.7,48.9,5.6,398.0,2854.0,31.92,77.3,81.8,2151.5,83.1,1270.4,559.0,-1.1,200.0,30.0,27.1,93.6125,130570.0,0.507827219116183
7133,44.0,2.3,Bad Kreuznach,4.9,46.6,6.9,266.0,2941.0,41.52666666666671,77.8,82.4,2277.2,84.4,1291.8,574.0,4.2,181.0,61.5,24.8,92.39,155599.0,0.516307945423814
7134,44.9,2.3,Birkenfeld,5.0,65.8,6.6,198.0,2714.0,49.3883333333333,76.8,80.7,2156.4,87.8,930.8,533.0,-1.3,104.0,83.3,33.2,91.58,82778.0,0.509362390973447
7135,44.6,2.4,Cochem-Zell,7.3,58.6,3.9,180.0,2707.0,42.418333333333294,76.8,81.3,2071.8,86.6,788.2,515.0,1.2,90.0,71.7,28.2,93.575,64187.0,0.502656301120165
7137,43.5,2.3,Mayen-Koblenz,5.8,45.9,5.1,318.0,2794.0,20.105,78.4,82.8,2212.2,79.7,1520.5,659.0,2.7,258.0,46.8,24.3,87.63,210308.0,0.510456092968408
7138,43.6,2.3,Neuwied,7.6,46.7,5.9,457.0,2945.0,29.3833333333333,77.8,82.1,2361.9,78.8,1548.2,673.0,1.8,286.0,84.3,29.1,90.8444444444444,180672.0,0.511733970952887
7140,43.7,2.4,Rhein-Hunsrück-Kreis,5.0,52.5,4.6,219.0,2830.0,39.146666666666704,78.4,82.3,2232.0,87.0,857.8,618.0,0.0,103.0,43.6,25.9,91.3428571428571,102322.0,0.507554582592209
7141,44.4,2.3,Rhein-Lahn-Kreis,6.1,56.3,4.3,353.0,2839.0,30.5483333333333,77.5,82.2,2210.5,85.4,1285.7,585.0,0.5,155.0,82.9,30.1,88.0875,123203.0,0.508745728594271
7143,42.7,2.4,Westerwaldkreis,6.4,43.8,4.2,349.0,2810.0,30.6133333333333,77.9,82.8,2244.2,80.9,1228.5,651.0,1.5,201.0,26.8,29.5,93.04,200059.0,0.5063306324634229
7211,41.0,1.9,KS Trier,5.2,33.9,5.8,284.0,2992.0,1.8225,77.9,82.5,2358.3,64.6,2938.7,633.0,7.1,926.0,156.2,38.1,68.1,105671.0,0.5232466807354901
7231,43.9,2.4,Bernkastel-Wittlich,6.9,51.1,3.7,163.0,2759.0,33.97,78.5,83.2,2210.6,87.0,849.0,614.0,2.4,95.0,44.7,26.8,92.5666666666667,112320.0,0.505546652421652
7232,42.9,2.4,Eifelkreis Bitburg-Prüm,4.1,47.1,3.2,129.0,2901.0,48.296666666666695,77.5,82.3,2245.4,89.5,612.5,504.0,4.6,59.0,69.4,21.9,93.2,95774.0,0.5040512038757909
7233,44.3,2.4,Vulkaneifel,5.3,48.6,4.6,151.0,2743.0,52.125,78.2,81.8,2150.6,87.6,600.6,556.0,-0.8,67.0,34.4,27.2,94.78,61947.0,0.5052222060793901
7235,42.8,2.4,Trier-Saarburg,6.7,38.3,3.5,235.0,2729.0,18.899166666666694,78.9,83.6,1856.2,85.9,1048.0,450.0,5.5,132.0,25.5,31.6,92.9571428571428,142228.0,0.508669179064601
7311,44.0,2.2,"Frankenthal (Pfalz), kreisfreie Stadt",4.1,30.1,7.1,752.0,3445.0,5.5108333333333315,77.1,81.7,3035.8,61.3,2996.0,676.0,9.3,1091.0,66.0,36.4,80.0,46415.0,0.5180652806204891
7312,42.5,1.9,"Kaiserslautern, kreisfreie Stadt",5.7,51.7,10.5,338.0,3240.0,2.125,76.4,81.2,2531.2,71.2,2490.1,690.0,5.8,697.0,121.5,41.4,73.4,96341.0,0.504852554986973
7313,42.3,2.1,"Landau in der Pfalz, kreisfreie Stadt",5.4,41.5,5.1,430.0,2841.0,25.325,77.0,81.6,2312.1,75.4,2262.5,726.0,9.6,536.0,189.8,29.7,80.9,43361.0,0.52830884896566
7314,42.2,2.1,KS Ludwigshafen am Rhein,9.7,45.8,9.4,862.0,4330.0,1.5083333333333302,77.7,82.6,3630.0,33.1,3454.1,1117.0,9.7,2113.0,123.4,30.3,73.0,157584.0,0.509626611838765
7315,40.9,2.0,KS Mainz,2.0,21.8,6.1,870.0,3410.0,1.67416666666667,79.5,83.5,2831.7,44.8,4206.2,825.0,8.4,2118.0,108.5,34.7,71.6,200344.0,0.519576328714611
7316,44.9,2.1,"Neustadt an der Weinstraße, kreisfreie Stadt",7.0,43.8,6.0,504.0,2745.0,20.5983333333333,78.2,81.4,2205.5,79.4,2295.2,669.0,5.2,449.0,80.3,25.2,83.0,52164.0,0.519074457480255
7317,46.0,2.0,"Pirmasens, kreisfreie Stadt",5.1,69.8,13.3,270.0,2876.0,33.7925,73.6,77.7,2274.5,67.0,2022.5,626.0,2.6,653.0,103.1,33.6,73.8,40887.0,0.520850147968792
7318,43.6,2.1,"Speyer, kreisfreie Stadt",4.1,30.1,6.5,696.0,3176.0,16.4383333333333,76.7,80.7,2579.4,42.7,2632.0,880.0,4.5,1170.0,126.6,48.2,74.5,49540.0,0.520750908356883
7319,42.7,2.1,"Worms, kreisfreie Stadt",4.5,40.5,8.2,644.0,2966.0,16.9066666666667,77.7,81.7,2411.0,65.0,2493.9,683.0,6.7,745.0,80.7,33.5,80.8,79207.0,0.519108159632356
7320,44.3,2.1,"Zweibrücken, kreisfreie Stadt",5.1,69.8,7.8,341.0,3188.0,29.375,75.4,79.9,2566.0,70.5,1707.7,729.0,2.7,482.0,64.4,27.3,84.0,34200.0,0.5097368421052629
7331,42.4,2.5,Alzey-Worms,4.5,40.5,4.6,512.0,2800.0,22.858333333333306,78.5,82.5,2251.7,82.9,1415.6,603.0,3.4,214.0,49.3,23.1,93.4142857142857,125113.0,0.504871596077146
7332,44.9,2.3,Bad Dürkheim,7.0,43.8,4.2,481.0,2797.0,19.404166666666697,78.3,82.5,2105.6,86.3,1708.4,641.0,5.4,221.0,38.7,33.3,91.8555555555556,131085.0,0.513414959758935
7333,43.1,2.4,Donnersbergkreis,6.1,53.9,5.5,336.0,3197.0,28.838333333333306,76.2,81.1,2348.9,88.1,1072.0,631.0,-0.1,116.0,23.7,34.6,93.5166666666667,76030.0,0.507286597395765
7334,42.0,2.4,Germersheim,5.1,30.5,4.6,497.0,3623.0,18.7783333333333,78.4,82.9,2867.6,78.5,1711.0,682.0,5.2,273.0,25.3,25.3,90.5,123913.0,0.505830703800247
7335,43.3,2.4,Kreis Kaiserslautern,5.7,51.7,5.6,296.0,2736.0,12.875,78.2,82.8,2024.6,84.5,1110.8,542.0,-0.3,163.0,53.2,22.9,92.48571428571432,105283.0,0.511222134627623
7336,44.7,2.4,Kusel,5.4,64.0,5.2,255.0,2716.0,26.8816666666667,76.3,81.1,1983.7,86.7,1013.3,450.0,-2.0,124.0,0.0,24.9,95.1833333333333,72783.0,0.506643034774604
7337,44.0,2.4,Südliche Weinstraße,5.4,41.5,4.1,388.0,2779.0,30.6383333333333,78.9,83.2,2195.4,86.8,1392.9,599.0,5.7,172.0,62.5,20.8,93.1833333333333,108244.0,0.50998669672222
7338,44.2,2.4,Ludwigshafen,4.1,30.1,3.7,697.0,2695.0,10.7016666666667,79.4,83.5,2088.8,71.5,2216.4,663.0,8.0,492.0,0.0,25.3,91.75,146868.0,0.511472887218455
7339,42.6,2.3,Mainz-Bingen,4.6,36.7,4.3,551.0,3158.0,18.518333333333302,79.9,83.7,2733.9,77.7,1809.7,1126.0,5.7,338.0,17.0,28.5,87.74,200672.0,0.510803699569447
7340,45.2,2.4,Südwestpfalz,5.1,69.8,4.9,267.0,2478.0,36.846666666666714,78.3,82.3,1938.1,89.5,1025.8,531.0,-0.8,101.0,23.6,18.3,94.52857142857141,98426.0,0.507548818401642
8111,41.4,2.0,KS Stuttgart,4.9,37.7,5.8,1336.0,4055.0,1.38833333333333,80.3,84.5,3359.5,46.9,5728.9,1140.0,10.4,2954.0,84.7,36.7,50.2,585890.0,0.510001877485535
8115,42.0,2.3,Böblingen,4.2,38.6,3.8,745.0,4287.0,16.8483333333333,81.2,84.5,3360.5,76.1,2676.2,1103.0,6.5,606.0,29.4,29.9,83.56875,363949.0,0.50896966333195
8116,42.4,2.2,Esslingen,3.9,39.5,3.9,792.0,3544.0,18.693333333333303,80.6,84.4,2884.3,73.6,3260.1,927.0,7.0,806.0,38.8,29.1,81.2722222222222,502893.0,0.510390878377707
8117,43.1,2.3,Göppingen,4.6,51.6,4.5,483.0,3234.0,37.558333333333294,79.7,83.9,2649.7,82.3,2354.5,788.0,4.6,389.0,53.1,28.2,87.175,247407.0,0.509844103036697
8118,42.1,2.2,Ludwigsburg,4.5,38.0,4.0,828.0,3455.0,18.760833333333302,80.3,84.8,2915.1,73.3,3152.7,958.0,7.7,766.0,33.3,31.1,79.585,509871.0,0.509442584496863
8119,42.7,2.3,Rems-Murr-Kreis,4.8,40.9,4.1,655.0,3242.0,32.275,79.8,84.6,2615.2,81.2,2730.9,851.0,5.4,483.0,31.8,31.5,81.05,406874.0,0.5109665400099289
8121,42.4,2.2,KS Heilbronn,4.2,43.1,6.5,602.0,3175.0,1.8675,78.1,83.1,2252.1,61.6,3365.6,975.0,9.9,1200.0,90.9,34.9,71.0,116059.0,0.509723502701212
8125,41.7,2.4,Heilbronn,4.4,39.3,3.8,498.0,3501.0,16.7566666666667,79.5,83.5,3008.3,80.9,1715.6,1001.0,5.6,299.0,38.0,29.5,89.6578947368421,322813.0,0.5058780160650279
8126,41.6,2.5,Hohenlohekreis,4.3,46.5,3.1,267.0,3319.0,38.228333333333296,78.6,83.4,2803.2,85.1,1071.1,913.0,4.8,140.0,26.0,35.2,90.51428571428568,107280.0,0.5012397464578671
8127,41.5,2.4,Schwäbisch Hall,4.6,49.0,3.5,234.0,3110.0,43.25,79.2,83.8,2517.8,86.7,1087.4,789.0,4.3,127.0,36.4,29.9,91.3833333333333,186353.0,0.504612214453215
8128,43.5,2.4,Main-Tauber-Kreis,3.5,56.7,3.6,189.0,3013.0,35.816666666666706,78.6,83.8,2411.5,87.3,920.5,745.0,2.5,100.0,86.7,28.9,91.3272727272727,130625.0,0.5081033492822971
8135,43.4,2.3,Heidenheim,4.3,51.7,5.2,274.0,3407.0,34.5916666666667,78.5,83.6,2779.5,86.3,1632.2,768.0,4.5,206.0,41.7,31.9,91.975,127817.0,0.508993326396332
8136,42.0,2.4,Ostalbkreis,4.6,48.7,3.9,282.0,3437.0,48.35,79.3,83.7,2733.8,86.1,1581.1,825.0,2.7,204.0,34.2,33.1,90.74285714285708,306529.0,0.507870380942749
8211,46.9,2.0,Baden-Baden,5.3,43.1,5.9,419.0,3142.0,28.5483333333333,77.3,80.8,2611.4,83.8,2586.5,1044.0,11.7,380.0,138.5,42.0,70.6,52315.0,0.534550320175858
8212,41.8,2.0,KS Karlsruhe,6.5,38.0,5.8,746.0,3495.0,1.91166666666667,79.2,83.7,2906.4,48.8,3716.5,977.0,9.3,1730.0,91.9,37.3,62.3,289173.0,0.5040788732004721
8215,42.9,2.3,Karlsruhe,4.2,23.5,3.4,608.0,3124.0,17.896666666666697,79.8,83.8,2636.7,78.5,2205.2,807.0,5.8,398.0,23.6,28.6,87.8,424121.0,0.509647011112395
8216,43.3,2.3,Rastatt,5.3,43.1,3.7,420.0,3566.0,28.095,78.8,84.2,2904.0,81.6,2145.8,863.0,4.9,304.0,25.7,23.8,85.65,222324.0,0.5099854266745829
8221,39.9,2.0,KS Heidelberg,2.1,33.5,5.5,733.0,3457.0,2.5366666666666697,80.6,84.5,2761.0,67.0,4712.6,822.0,12.6,1422.0,194.4,28.7,58.8,146751.0,0.528010030596044
8222,42.0,2.0,KS Mannheim,6.5,42.8,6.5,944.0,3653.0,1.81333333333333,77.7,82.7,3004.8,36.3,3556.3,1035.0,9.2,2069.0,84.7,29.3,60.4,290117.0,0.5114522761506559
8225,42.9,2.4,Neckar-Odenwald-Kreis,6.9,55.4,4.2,288.0,2983.0,40.3508333333333,78.0,82.8,2356.5,88.0,1176.9,658.0,0.5,126.0,36.6,27.6,93.0636363636364,142810.0,0.504075344863805
8226,43.0,2.2,Rhein-Neckar-Kreis,5.0,39.6,4.2,618.0,3352.0,17.5233333333333,79.8,83.9,2685.7,77.7,2559.1,1015.0,6.2,504.0,27.8,26.2,82.13793103448279,524039.0,0.513927398533315
8231,42.9,2.1,KS Pforzheim,5.9,42.3,8.1,662.0,3063.0,2.55333333333333,78.3,83.2,2545.2,68.1,3924.5,880.0,11.9,1217.0,98.8,33.3,67.1,114411.0,0.5184903549483879
8235,42.5,2.4,Calw,4.5,65.4,4.1,462.0,3000.0,27.2616666666667,79.8,84.0,2460.2,87.7,1707.5,725.0,3.8,192.0,79.3,32.2,84.63,151049.0,0.507616733642725
8236,42.7,2.4,Enzkreis,3.5,51.2,3.0,632.0,3117.0,13.221666666666698,80.7,84.1,2619.9,82.5,2095.9,820.0,4.5,338.0,16.2,25.7,89.52,191353.0,0.50915846629005
8237,42.2,2.4,Freudenstadt,5.0,61.6,4.0,296.0,3188.0,47.4466666666667,79.2,82.7,2547.6,89.0,1364.0,810.0,-0.6,132.0,39.6,37.2,85.38571428571429,115973.0,0.509299578350133
8311,39.9,2.0,KS Freiburg im Breisgau,5.2,22.6,6.1,499.0,3267.0,2.6575,79.5,84.0,2532.7,66.3,4546.7,800.0,12.3,1452.0,101.3,35.6,56.6,209629.0,0.52914434548655
8315,42.7,2.3,Breisgau-Hochschwarzwald,3.4,32.3,3.5,328.0,2899.0,22.0633333333333,80.6,85.1,2340.6,87.3,1762.4,709.0,7.8,183.0,51.3,28.8,81.02,247279.0,0.514402759635877
8316,42.4,2.4,Emmendingen,5.8,32.2,3.3,328.0,2997.0,21.928333333333306,79.9,83.9,2386.1,86.2,2120.9,698.0,6.5,235.0,62.4,25.1,80.8333333333333,156453.0,0.510134033863205
8317,42.5,2.3,Ortenaukreis,4.0,37.4,3.8,358.0,3028.0,24.9333333333333,79.6,83.9,2480.1,85.2,1899.0,794.0,4.8,223.0,54.5,32.3,85.1619047619048,410202.0,0.509246663838792
8325,42.5,2.4,Rottweil,4.9,61.1,3.3,274.0,3182.0,29.931666666666693,79.0,83.7,2628.3,85.6,1368.7,927.0,0.3,177.0,61.1,28.8,90.5625,136478.0,0.507481059218336
8326,43.4,2.2,Schwarzwald-Baar-Kreis,5.1,52.5,4.0,274.0,3064.0,16.11,79.7,83.7,2541.4,87.3,1740.1,812.0,4.5,201.0,60.3,34.5,81.94444444444441,203967.0,0.511842601989538
8327,41.8,2.4,Tuttlingen,4.7,50.0,3.3,266.0,3284.0,27.9166666666667,79.0,83.3,2762.6,87.1,1561.8,982.0,5.1,183.0,27.0,28.4,89.95,132213.0,0.505510048179831
8335,42.6,2.1,Konstanz,4.0,32.7,4.5,331.0,3064.0,28.711666666666694,79.7,83.7,2471.3,82.7,2171.5,773.0,10.0,337.0,59.4,33.3,82.0,266965.0,0.518764632067874
8336,42.4,2.2,Lörrach,4.9,31.6,3.9,433.0,3191.0,17.4566666666667,79.6,84.0,2506.0,85.7,2167.8,807.0,6.6,277.0,37.1,30.1,82.47142857142859,219003.0,0.5134769843335479
8337,42.5,2.3,Waldshut,4.7,47.5,3.3,356.0,2950.0,47.991666666666696,79.5,83.9,2345.2,88.1,1426.0,746.0,5.3,146.0,39.9,31.7,83.99285714285709,163136.0,0.509973273832876
8415,42.4,2.3,Reutlingen,4.2,43.4,4.1,416.0,3301.0,26.5083333333333,80.1,84.6,2640.7,85.8,1931.5,834.0,4.8,254.0,40.9,28.2,89.3266666666667,273353.0,0.512037548517851
8416,39.9,2.4,Tübingen,4.6,41.1,3.7,550.0,3248.0,9.21833333333333,80.3,84.8,2507.3,80.4,2338.2,747.0,5.7,421.0,87.3,30.8,86.725,211952.0,0.5155554087717971
8417,43.3,2.3,Zollernalbkreis,4.3,56.3,4.5,314.0,3066.0,35.4166666666667,79.2,84.2,2537.9,85.2,1506.0,787.0,3.2,203.0,31.0,24.8,93.75,185559.0,0.5100318497081789
8421,41.3,2.1,KS Ulm,4.6,29.1,4.9,381.0,3439.0,1.6833333333333302,79.6,83.7,2818.3,63.1,3145.2,1075.0,7.3,1017.0,125.4,34.1,71.9,116761.0,0.512268651347625
8425,41.3,2.5,Alb-Donau-Kreis,4.1,43.9,3.1,311.0,3099.0,21.3133333333333,79.4,84.2,2541.0,86.7,1213.6,835.0,4.0,139.0,22.1,26.4,91.42307692307692,186192.0,0.5025994672166371
8426,41.0,2.5,Biberach,4.3,43.3,2.8,230.0,3467.0,27.23,79.1,84.1,2798.7,86.6,1158.4,985.0,4.0,135.0,46.2,28.3,93.08,187444.0,0.5034783722071661
8435,43.1,2.2,Bodenseekreis,5.3,31.9,3.1,325.0,3672.0,13.235,80.6,84.4,2950.2,83.5,2126.4,900.0,8.4,315.0,35.4,28.2,80.7125,204083.0,0.5114193734901981
8436,41.5,2.4,Ravensburg,5.1,35.4,3.0,244.0,3062.0,17.2583333333333,79.6,84.2,2398.6,87.7,1594.4,752.0,6.0,169.0,64.0,30.3,88.4142857142857,269595.0,0.50925276804095
8437,41.8,2.4,Sigmaringen,6.2,47.6,4.0,233.0,3128.0,44.951666666666696,78.6,83.1,2491.1,88.3,1070.6,741.0,1.4,106.0,54.0,26.3,91.4,127600.0,0.50564263322884
9161,41.7,2.1,KS Ingolstadt,5.1,23.6,3.8,322.0,4425.0,1.9266666666666696,79.5,84.1,3701.1,55.9,2691.1,1359.0,11.1,982.0,97.5,35.9,81.1,124927.0,0.5038862695814361
9162,41.5,1.9,KS München,6.1,22.7,5.2,1810.0,3879.0,1.3808333333333302,80.6,84.8,3374.5,22.1,6234.7,1332.0,12.4,4601.0,80.4,25.5,58.2,1348335.0,0.517003563654433
9163,42.2,2.0,KS Rosenheim,4.6,34.5,5.2,298.0,3131.0,1.14333333333333,78.2,82.9,2547.6,54.0,4015.2,911.0,6.0,1636.0,102.2,29.7,71.7,59329.0,0.514385882114986
9171,43.3,2.3,Altötting,3.4,40.1,3.7,186.0,3404.0,45.27,77.4,83.0,2893.7,83.7,1457.6,972.0,5.5,189.0,53.1,35.4,92.41875,106022.0,0.5126577502782439
9172,44.1,2.2,Berchtesgadener Land,5.1,34.2,3.9,174.0,2729.0,34.34,79.0,82.6,2320.7,75.4,1765.7,645.0,8.8,123.0,58.8,37.0,82.0866666666667,100829.0,0.515278342540341
9173,42.9,2.3,Bad Tölz-Wolfratshausen,2.8,32.2,3.0,264.0,2933.0,35.915,79.5,83.4,2446.4,86.2,1683.6,781.0,9.7,111.0,50.6,34.2,85.0588235294118,119178.0,0.513677020926681
9174,41.3,2.4,Dachau,4.4,29.7,2.6,618.0,2942.0,20.774166666666694,79.9,83.3,2469.2,83.3,1893.3,858.0,13.5,253.0,33.4,35.2,89.34666666666668,138697.0,0.50770384363036
9175,41.5,2.4,Ebersberg,4.6,26.5,2.5,497.0,2974.0,23.4016666666667,81.0,83.5,2648.6,85.5,1992.5,931.0,13.0,246.0,24.3,34.9,88.0285714285715,127567.0,0.5084230247634579
9176,40.6,2.6,Eichstätt,2.1,35.3,1.4,201.0,3019.0,22.6833333333333,79.9,83.8,2374.8,87.1,1092.6,770.0,6.0,105.0,35.3,27.2,95.03478260869561,123420.0,0.500567169016367
9177,40.3,2.5,Erding,3.1,31.7,2.2,376.0,2821.0,23.408333333333307,79.6,83.9,2422.7,84.5,1252.5,935.0,10.7,151.0,30.8,33.2,91.00588235294121,125706.0,0.502672903441363
9178,39.8,2.3,Freising,3.7,28.9,2.5,422.0,3228.0,11.978333333333302,79.7,83.7,3111.1,83.0,1569.6,996.0,9.3,213.0,20.7,32.6,88.3705882352941,162818.0,0.499791177879596
9179,42.9,2.2,Fürstenfeldbruck,3.2,25.3,3.3,634.0,3040.0,23.498333333333306,80.3,84.4,2618.8,78.6,2642.4,864.0,10.9,484.0,18.1,35.1,88.27857142857141,201597.0,0.516466018839566
9180,45.0,2.1,Garmisch-Partenkirchen,2.3,45.5,3.9,141.0,2660.0,17.913333333333302,78.8,82.7,2277.3,75.7,1618.0,710.0,9.0,85.0,149.1,34.0,78.66,84046.0,0.520238916783666
9181,41.5,2.4,Landsberg a.Lech,4.9,32.8,3.0,324.0,3056.0,28.3775,80.2,84.0,2569.6,79.9,1322.9,842.0,7.0,144.0,40.6,24.7,92.55625,113084.0,0.50557992288918
9182,43.7,2.2,Miesbach,3.7,38.7,3.1,248.0,2893.0,31.981666666666694,78.9,83.3,2408.8,86.2,1532.2,867.0,10.4,112.0,46.8,38.2,82.45882352941179,93630.0,0.519064402435117
9183,42.5,2.5,Mühldorf a.Inn,4.9,43.0,4.0,216.0,2933.0,43.3691666666667,77.3,82.0,2392.1,86.8,1296.3,787.0,9.6,137.0,35.6,36.7,93.93888888888893,106415.0,0.505520838227693
9184,42.4,2.2,München,3.3,22.6,3.0,820.0,4016.0,12.99,81.4,84.4,3623.4,76.7,2484.5,2094.0,12.3,501.0,38.5,40.8,84.6586206896552,317249.0,0.511015007139502
9185,41.5,2.4,Neuburg-Schrobenhausen,4.1,39.3,2.3,253.0,2952.0,21.580833333333306,78.7,83.3,2353.5,84.1,1077.6,736.0,8.2,126.0,47.9,33.5,95.5307692307692,90593.0,0.503659223118784
9186,41.3,2.5,Pfaffenhofen a.d.Ilm,5.5,36.4,2.2,303.0,3135.0,21.253333333333305,79.1,82.9,3005.0,83.1,1182.4,828.0,11.0,160.0,27.3,30.4,93.55,116116.0,0.499603844431431
9187,42.4,2.4,Kreis Rosenheim,4.6,34.5,2.9,249.0,2822.0,20.271666666666697,79.3,83.6,2407.5,83.8,1586.5,762.0,9.2,175.0,108.1,43.6,87.6025,244256.0,0.509805286257042
9188,43.7,2.3,Starnberg,2.5,32.3,2.9,572.0,3400.0,22.4733333333333,81.7,84.2,2882.7,69.5,1886.3,1205.0,10.6,270.0,99.0,27.8,87.3071428571429,127132.0,0.521442280464399
9189,43.6,2.3,Traunstein,4.2,37.5,3.2,187.0,3030.0,19.838333333333303,79.7,83.9,2555.7,81.7,1328.4,827.0,7.5,112.0,50.1,32.9,88.9758620689655,168510.0,0.5140763159456411
9190,42.6,2.3,Weilheim-Schongau,4.4,34.5,2.8,222.0,3306.0,37.5383333333333,79.9,83.3,2640.2,86.9,1459.6,837.0,5.9,136.0,36.6,31.2,89.5631578947369,128762.0,0.509412714931424
9261,43.6,2.0,KS Landshut,3.3,34.7,4.9,279.0,2941.0,1.715,77.7,82.1,2402.3,60.4,3085.2,909.0,18.4,1026.0,180.7,48.6,78.4,63544.0,0.525305300264384
9262,43.6,1.9,Passau Stadt,4.0,43.8,5.9,182.0,3121.0,1.26,76.7,81.2,2517.4,59.0,2262.3,828.0,10.5,718.0,151.1,33.3,76.4,48649.0,0.530761166724907
9263,44.3,2.0,Straubing,4.1,42.4,5.8,184.0,2859.0,1.675,74.8,79.8,2427.8,59.9,2327.3,836.0,14.1,681.0,94.5,35.0,79.1,44488.0,0.5081595036863871
9271,42.5,2.4,Deggendorf,3.8,37.6,3.7,147.0,2873.0,14.248333333333301,77.7,81.9,2459.8,83.1,1119.4,688.0,5.4,134.0,95.3,27.6,94.5263157894737,114454.0,0.5089293515298721
9272,43.1,2.5,Freyung-Grafenau,3.8,52.8,4.2,107.0,2573.0,35.180833333333304,77.3,82.3,2037.9,87.7,860.3,529.0,2.7,79.0,52.0,15.9,94.3052631578948,78170.0,0.507227836766023
9273,41.4,2.5,Kelheim,4.0,41.7,3.0,209.0,2928.0,28.71,78.6,82.7,2400.4,86.2,1063.5,720.0,9.1,109.0,32.8,29.2,93.53846153846148,112753.0,0.5026651175578479
9274,41.4,2.6,Kreis Landshut,3.3,34.7,2.6,211.0,2948.0,19.4016666666667,79.4,83.2,2460.0,86.4,1035.6,794.0,8.1,113.0,12.2,30.7,94.9333333333333,147161.0,0.500825626354809
9275,43.1,2.4,Kreis Passau,4.0,43.8,4.1,150.0,2598.0,21.2275,77.9,82.9,2196.7,84.2,964.9,598.0,5.7,122.0,34.1,21.7,93.43142857142858,184190.0,0.509718225745154
9276,43.5,2.4,Regen,3.0,59.9,4.0,110.0,2702.0,30.6883333333333,76.5,81.8,2183.3,89.5,957.9,606.0,2.1,78.0,41.2,22.2,92.20952380952379,76782.0,0.505483055924566
9277,43.0,2.5,Rottal-Inn,5.2,41.5,3.5,152.0,2644.0,44.44,77.8,82.4,2193.9,87.4,910.4,651.0,6.5,92.0,52.2,29.1,96.06,116634.0,0.508513812438912
9278,41.8,2.6,Straubing-Bogen,4.1,42.4,3.0,158.0,2696.0,18.1041666666667,78.7,82.9,2274.0,86.2,802.6,665.0,6.4,82.0,42.9,21.4,96.1818181818182,95853.0,0.503844428447727
9279,42.1,2.5,Dingolfing-Landau,2.8,42.0,2.8,156.0,3779.0,28.211666666666694,78.0,82.2,3116.4,84.4,936.5,1652.0,10.5,107.0,26.8,25.4,96.1071428571429,90156.0,0.498314033453126
9361,44.1,2.0,Amberg,4.2,52.3,6.3,188.0,3204.0,1.325,75.5,80.0,2649.2,62.0,2426.4,811.0,2.1,828.0,134.8,40.9,75.5,41912.0,0.5130988738308839
9362,41.3,1.8,KS Regensburg,4.4,30.0,4.9,309.0,3454.0,2.00666666666667,78.4,83.0,3008.0,36.7,3168.9,1275.0,12.3,1763.0,193.7,40.1,64.1,135403.0,0.5248185047598649
9363,44.1,2.0,Weiden i.d.OPf.,4.0,53.0,7.5,155.0,2684.0,1.8016666666666696,75.6,79.7,2207.2,65.5,2025.6,741.0,4.9,593.0,170.7,37.0,73.1,41746.0,0.527882910937575
9371,42.8,2.4,Amberg-Sulzbach,4.2,52.3,3.5,171.0,2940.0,15.468333333333302,77.8,82.8,2407.9,87.6,872.6,591.0,1.2,82.0,20.1,39.3,93.26363636363632,103902.0,0.504869973628997
9372,42.8,2.5,Cham,2.6,59.1,3.4,116.0,2608.0,44.5916666666667,77.3,82.9,2216.7,86.7,802.5,625.0,3.1,83.0,54.7,24.4,94.4875,125689.0,0.503369427714438
9373,41.6,2.6,Neumarkt i.d.Opf.,3.3,38.9,2.4,207.0,2989.0,19.505,78.4,82.6,2388.3,81.6,916.2,732.0,6.0,96.0,40.3,35.0,95.98823529411759,126436.0,0.503385111835237
9374,42.4,2.5,Neustadt a.d.Waldnaab,4.0,53.0,4.1,128.0,2776.0,17.7583333333333,77.4,81.8,2304.1,81.8,675.3,583.0,-0.7,67.0,19.8,28.8,91.75714285714292,96317.0,0.506348827309821
9375,41.8,2.5,Regensburg,2.6,37.1,2.5,205.0,2951.0,18.5008333333333,79.4,83.4,2466.6,85.3,1203.6,694.0,7.4,135.0,12.3,37.6,91.9034482758621,182289.0,0.505296534623592
9376,42.8,2.4,Schwandorf,3.1,52.0,3.5,139.0,2783.0,27.36,77.5,82.5,2327.1,84.2,929.6,693.0,5.3,98.0,39.9,33.3,92.9736842105263,142406.0,0.5034197997275399
9377,43.8,2.4,Tirschenreuth,3.8,64.7,4.8,123.0,2759.0,19.64,76.3,81.4,2354.7,87.3,822.0,600.0,-0.6,68.0,39.6,33.6,91.4777777777778,74866.0,0.506758742286218
9461,42.7,1.9,Bamberg,3.6,37.0,5.2,279.0,3159.0,1.72666666666667,77.3,81.5,2538.1,43.8,2611.9,808.0,7.1,1317.0,140.8,40.1,63.0,70635.0,0.5316769307000779
9462,43.0,1.9,Bayreuth,3.9,46.8,6.3,211.0,3012.0,1.685,76.4,82.6,2577.2,53.8,2559.0,886.0,6.5,1070.0,191.6,45.5,71.2,70808.0,0.524022709298384
9463,44.6,2.0,Coburg,5.9,48.8,6.4,199.0,3281.0,1.57333333333333,76.0,80.3,2908.7,51.2,2101.3,1573.0,4.1,850.0,124.2,39.3,77.0,41023.0,0.524193744972333
9464,45.3,1.9,Hof,5.4,78.4,7.0,185.0,2508.0,1.13666666666667,74.4,80.1,2310.4,58.6,2103.5,692.0,2.8,764.0,100.4,33.6,70.2,44759.0,0.530686565830336
9471,41.5,2.5,Kreis u. Stadt Bamberg,3.6,37.0,3.1,226.0,2715.0,14.933333333333302,77.7,82.3,2302.2,85.5,1211.1,687.0,3.4,124.0,20.8,35.0,90.32857142857141,143610.0,0.5036487709769509
9472,43.4,2.4,Kreis u. Stadt Bayreuth,3.9,46.8,3.8,177.0,2677.0,17.5983333333333,77.7,82.6,2310.1,88.0,892.1,582.0,1.6,82.0,11.9,35.8,91.3428571428571,105396.0,0.5083494629777221
9473,44.1,2.4,Kreis u. Stadt Coburg,5.9,48.8,4.3,176.0,2483.0,14.051666666666698,77.9,82.7,2251.7,82.5,1139.7,680.0,0.9,147.0,10.7,32.6,90.93125,87775.0,0.508892053545998
9474,42.3,2.4,Forchheim,3.3,44.5,3.2,307.0,2856.0,24.3,78.5,82.1,2473.0,84.2,1411.5,666.0,4.1,177.0,27.2,33.2,91.8368421052631,112738.0,0.506918696446628
9475,45.7,2.3,Kreis u. Stadt Hof,5.4,78.4,4.6,162.0,2539.0,15.379166666666698,77.0,81.9,2389.5,85.6,938.3,637.0,-0.7,108.0,58.7,37.5,90.88095238095242,99371.0,0.5170824486017049
9476,44.9,2.3,Kronach,3.4,56.6,4.4,161.0,2529.0,28.23,76.8,81.8,2263.5,87.3,1065.3,681.0,-2.1,104.0,41.5,22.1,94.0533333333334,69927.0,0.511447652551947
9477,44.6,2.3,Kulmbach,6.5,55.2,5.0,173.0,2772.0,11.171666666666699,76.8,82.1,2385.5,86.3,990.8,697.0,-0.2,110.0,68.9,30.8,91.76428571428568,74070.0,0.51270419873093
9478,43.9,2.3,Lichtenfels,5.0,46.1,4.6,190.0,2509.0,17.536666666666697,76.4,80.8,2313.3,82.7,1112.6,625.0,1.1,128.0,112.6,36.2,92.31111111111107,67297.0,0.510869726733733
9479,46.4,2.2,Wunsiedel i.Fichtelgebirge,5.8,79.0,5.7,149.0,2754.0,10.915,75.7,80.7,2360.8,84.4,1079.3,626.0,-1.7,121.0,55.6,30.2,87.925,76044.0,0.5216453632107729
9561,43.8,2.1,Ansbach,4.4,46.5,4.7,225.0,3005.0,1.4066666666666698,75.8,80.1,2590.3,73.7,1761.5,809.0,6.8,401.0,215.7,43.0,78.6,39491.0,0.530019498113494
9562,41.2,1.9,KS Erlangen,3.4,22.4,4.0,556.0,4366.0,1.5966666666666698,79.3,83.6,3601.5,52.8,3369.8,1046.0,6.1,1383.0,204.7,44.5,73.0,103720.0,0.511058619359815
9563,42.3,2.0,KS Fürth,7.1,37.1,6.9,656.0,3086.0,1.4133333333333302,77.1,81.9,2737.3,47.4,4130.8,751.0,13.9,1918.0,66.7,44.7,69.8,115613.0,0.518393260273499
9564,43.1,1.9,KS Nürnberg,7.6,30.7,7.9,826.0,3317.0,1.445,77.8,83.0,2918.0,34.6,4384.2,929.0,8.0,2688.0,69.5,39.6,66.4,486314.0,0.5205957467808859
9565,43.4,2.2,Schwabach,5.8,38.3,4.6,512.0,2833.0,1.56333333333333,77.0,80.9,2466.8,62.0,2833.8,829.0,11.8,979.0,42.6,45.1,83.4,38469.0,0.520367048792534
9571,42.1,2.5,Kreis u. Stadt Ansbach,4.4,46.5,3.1,199.0,2700.0,19.87,78.3,83.3,2265.1,85.4,874.9,696.0,3.3,91.0,30.0,28.2,93.15882352941179,178354.0,0.503947206118169
9572,42.2,2.4,Erlangen-Höchstadt,3.2,34.6,2.4,405.0,3590.0,12.806666666666699,79.9,83.2,2660.7,79.8,1730.7,951.0,5.2,235.0,8.7,36.2,90.3,130395.0,0.5050193642394261
9573,43.7,2.2,Fürth,2.3,36.5,3.4,470.0,2683.0,12.126666666666699,78.9,82.7,2294.7,79.2,2139.4,743.0,5.1,370.0,0.0,39.6,88.0416666666667,112786.0,0.515108258117142
9574,43.9,2.3,Nürnberger Land,7.0,41.8,3.1,348.0,2955.0,20.135,78.4,82.8,2456.7,83.6,1572.2,831.0,6.3,208.0,59.1,37.5,90.1318181818182,163967.0,0.51261534333128
9575,42.7,2.5,Neustadt a.d.Aisch-Bad Windshe,4.4,48.8,2.7,205.0,2596.0,31.3333333333333,78.4,82.7,2138.2,86.6,788.3,638.0,3.3,77.0,46.9,31.8,92.76,97475.0,0.5058835598871501
9576,42.5,2.4,Roth,5.8,38.3,2.9,302.0,2798.0,18.73,78.5,83.0,2352.4,84.2,1176.0,736.0,3.3,138.0,21.8,27.6,92.4,123344.0,0.5074263847451029
9577,43.2,2.4,Weißenburg-Gunzenhausen,3.3,55.1,3.5,184.0,2894.0,37.2983333333333,77.4,82.8,2266.4,84.3,927.0,634.0,3.9,95.0,45.4,31.7,92.57857142857141,92369.0,0.50608970542065
9661,43.0,2.1,Aschaffenburg,4.0,44.6,6.1,516.0,3157.0,2.03,76.8,81.8,2637.2,53.0,2756.7,968.0,5.1,1091.0,118.5,25.4,67.9,67359.0,0.521504179100046
9662,44.6,2.0,Schweinfurt,4.9,44.4,6.5,225.0,3697.0,1.99666666666667,76.1,81.3,3060.6,36.9,2634.6,1194.0,1.6,1446.0,178.3,42.7,67.1,52143.0,0.522064323111444
9663,42.1,1.8,KS Würzburg,5.4,27.9,4.9,311.0,3129.0,1.85583333333333,78.2,83.1,2526.7,46.4,2956.7,829.0,1.5,1418.0,188.1,38.9,66.5,124297.0,0.532289596691795
9671,42.9,2.4,Kreis u. Stadt Aschaffenburg,4.0,44.6,3.2,420.0,2956.0,19.4566666666667,79.7,83.4,2522.8,80.4,1740.6,797.0,2.1,247.0,8.8,20.7,89.0304347826087,172612.0,0.5059265867958189
9672,44.6,2.3,Bad Kissingen,2.6,67.1,4.2,158.0,2726.0,31.92,78.9,82.5,2219.5,83.8,845.2,583.0,1.6,91.0,85.5,34.3,90.84705882352941,104020.0,0.5129013651220921
9673,43.1,2.5,Rhön-Grabfeld,3.3,60.0,3.4,133.0,2882.0,37.8033333333333,78.1,82.3,2354.8,87.1,791.8,602.0,-0.6,78.0,137.6,28.6,92.5307692307692,80829.0,0.506006507565354
9674,42.6,2.5,Haßberge,4.6,48.6,3.6,168.0,2923.0,24.448333333333306,77.6,81.9,2241.1,86.6,862.4,621.0,1.0,88.0,28.5,23.0,93.49285714285708,84575.0,0.501342004138339
9675,42.7,2.4,Kitzingen,3.3,56.6,3.4,196.0,2872.0,27.7983333333333,78.5,82.4,2264.8,82.4,944.6,703.0,4.7,129.0,27.7,33.0,91.1083333333333,87719.0,0.505420718430443
9676,42.5,2.5,Miltenberg,4.7,55.9,3.4,324.0,2965.0,32.366666666666696,79.2,83.2,2380.5,85.8,1578.0,727.0,0.5,179.0,23.4,22.3,90.03846153846159,128405.0,0.5027062809080639
9677,43.6,2.4,Main-Spessart,2.5,56.9,2.7,212.0,3233.0,33.805,79.0,83.2,2683.4,87.9,1027.1,740.0,-0.3,95.0,52.8,28.5,92.04375,127508.0,0.504564419487405
9678,43.1,2.5,Kreis u. Stadt Schweinfurt,4.9,44.4,2.9,193.0,2573.0,16.2966666666667,79.6,83.4,2095.8,84.2,1081.4,614.0,3.4,135.0,53.0,27.8,90.5857142857143,113084.0,0.5028297548724839
9679,42.6,2.4,Würzburg,2.8,43.2,2.9,222.0,2763.0,15.528333333333302,80.1,84.3,2292.0,84.5,1348.3,702.0,2.3,165.0,8.2,24.3,89.9969696969697,158095.0,0.505632689205857
9761,42.6,1.9,KS Augsburg,4.1,37.6,6.8,560.0,3319.0,2.43333333333333,77.8,83.3,2798.1,51.8,4464.5,736.0,13.5,1914.0,105.5,34.9,64.9,267767.0,0.519029604096098
9762,44.1,2.0,Kaufbeuren,4.0,41.5,6.1,221.0,2875.0,1.975,76.3,81.3,2261.0,58.5,2767.3,652.0,6.5,1050.0,149.5,42.1,78.6,41550.0,0.51812274368231
9763,43.6,2.0,Kempten (Allgäu),4.9,34.1,4.8,223.0,2990.0,1.675,77.9,81.9,2504.4,64.0,3198.8,803.0,8.4,1037.0,86.9,39.6,70.3,64078.0,0.51351477886326
9764,43.3,2.1,Memmingen,3.3,43.2,4.1,224.0,3071.0,1.86166666666667,77.6,81.3,2569.7,71.6,2341.2,948.0,8.2,602.0,129.4,34.6,81.7,41241.0,0.514803229795592
9771,41.7,2.5,Aichach-Friedberg,3.8,36.4,2.8,360.0,2820.0,18.7233333333333,79.6,83.8,2152.1,85.1,1388.9,766.0,5.8,166.0,23.2,29.8,93.47857142857141,126387.0,0.506302072206793
9772,42.3,2.4,Augsburg,5.2,34.9,3.1,345.0,2790.0,18.431666666666697,79.6,83.7,2441.7,81.8,1495.9,782.0,6.8,227.0,12.5,30.2,92.01034482758621,237095.0,0.5087960522153571
9773,41.7,2.5,Dillingen a.d.Donau,3.5,44.8,2.7,232.0,2961.0,35.595,78.0,83.0,2406.3,83.6,1009.4,767.0,1.6,118.0,33.9,32.3,95.57,93308.0,0.5054979208642351
9774,41.6,2.5,Günzburg,7.1,45.9,3.1,263.0,2958.0,28.711666666666694,78.5,82.7,2494.4,81.5,1135.1,780.0,4.4,160.0,86.4,28.9,94.0941176470588,120183.0,0.503582037392976
9775,42.1,2.3,Neu-Ulm,5.3,33.5,3.3,285.0,3227.0,12.474166666666699,79.3,83.7,2682.8,77.5,1807.2,842.0,6.5,325.0,23.2,33.5,90.65,163854.0,0.509789202582787
9776,43.4,2.2,Lindau (Bodensee),3.2,38.4,3.0,253.0,3143.0,29.5975,78.6,83.2,2566.5,84.5,1817.6,741.0,6.1,245.0,62.2,40.2,81.2769230769231,78422.0,0.511603886664456
9777,42.4,2.4,Ostallgäu,4.0,41.5,2.9,181.0,3014.0,20.4441666666667,79.7,83.2,2580.9,87.5,1217.6,760.0,6.0,97.0,32.4,31.5,89.59,133585.0,0.507100348092975
9778,42.4,2.5,Unterallgäu,3.3,43.2,2.3,220.0,3070.0,20.314166666666697,79.5,83.8,2554.1,86.4,1039.0,761.0,7.9,113.0,28.8,35.6,93.8473684210526,135161.0,0.504435451054668
9779,41.9,2.5,Donau-Ries,3.7,46.9,2.3,181.0,3151.0,44.506666666666696,78.8,83.3,2650.5,85.4,926.3,813.0,6.0,102.0,38.9,29.1,94.9,127920.0,0.49890556597873703
9780,43.3,2.2,Oberallgäu,4.9,34.1,3.2,159.0,2760.0,23.885,80.0,84.2,2315.4,83.2,1491.4,689.0,5.6,99.0,33.5,35.8,81.0260869565218,148649.0,0.510861156146358
10041,44.5,2.0,Regionalverband Saarbrücken,5.9,63.3,9.6,480.0,3259.0,8.14833333333333,76.8,81.9,2610.7,66.3,2466.0,619.0,3.0,793.0,79.9,34.0,88.76,327065.0,0.516722975555318
10042,44.0,2.4,Merzig-Wadern,4.4,55.0,5.2,292.0,2831.0,39.175,76.6,81.9,2247.9,84.4,1375.7,480.0,2.7,186.0,46.7,35.1,95.62857142857142,103636.0,0.510990389439963
10043,45.4,2.2,Neunkirchen,6.3,61.1,7.7,418.0,3021.0,19.27,76.7,81.4,2263.9,71.3,2018.0,489.0,1.1,534.0,54.0,33.0,92.45714285714293,135531.0,0.514015243744973
10044,44.9,2.3,Saarlouis,4.2,50.8,6.1,379.0,3050.0,24.759166666666694,77.5,81.8,2416.2,73.2,1819.9,608.0,1.6,426.0,50.1,23.9,93.7076923076923,197877.0,0.51488550968531
10045,45.5,2.2,Saar-Pfalz-Kreis,4.6,54.2,5.8,374.0,3321.0,18.608333333333302,77.8,82.7,2637.4,78.4,1740.0,717.0,1.9,343.0,100.3,28.9,94.0857142857143,145394.0,0.516837008404748
10046,45.1,2.3,Sankt Wendel,4.9,53.0,4.2,299.0,2907.0,34.4966666666667,77.5,82.2,2117.0,82.1,1185.4,565.0,0.1,185.0,26.7,25.7,96.175,90120.0,0.509542831779849
11000,42.3,1.8,KS Berlin,7.8,35.4,12.4,3669.0,2905.0,1.815,78.2,83.2,2539.9,22.7,5541.0,665.0,11.8,3891.0,57.7,24.5,56.7,3292365.0,0.5141325460573171
12051,46.6,1.9,"Brandenburg an der Havel, Stadt",6.5,62.4,13.5,210.0,2492.0,1.77333333333333,76.0,81.8,2210.2,58.3,1398.0,440.0,2.1,309.0,122.9,25.3,67.5,71569.0,0.508781735108776
12052,45.0,1.9,KS Cottbus,8.1,98.7,12.1,177.0,2535.0,1.9316666666666695,76.4,81.7,2172.6,51.0,1994.8,544.0,2.7,602.0,115.5,35.3,70.7,99984.0,0.510521683469355
12053,45.4,1.9,"Frankfurt (Oder), Stadt",8.7,74.5,13.8,148.0,2566.0,2.36666666666667,75.4,80.9,2191.9,71.7,1630.4,502.0,-2.8,390.0,161.7,37.5,67.8,59140.0,0.519614474129185
12054,41.9,1.9,KS Potsdam,4.3,51.8,7.7,837.0,2759.0,2.11333333333333,79.3,83.6,2336.1,55.4,2896.9,567.0,11.0,871.0,97.9,26.0,62.8,156021.0,0.52121829753687
12060,45.1,2.1,Barnim,7.9,29.2,9.7,410.0,2223.0,33.148333333333305,77.4,82.4,2011.8,81.9,1082.6,453.0,7.0,118.0,67.2,24.2,90.05,172165.0,0.505503441466036
12061,45.5,2.2,Dahme-Spreewald,6.0,47.2,7.4,257.0,2329.0,43.1,78.2,83.5,2202.7,84.2,757.5,892.0,6.1,71.0,62.1,22.3,91.23125,160162.0,0.5057566713702379
12062,47.1,2.2,Elbe-Elster,8.4,41.7,12.9,112.0,1999.0,64.9466666666667,75.8,82.3,1962.4,87.0,688.5,377.0,-6.0,55.0,44.3,18.8,91.24375,110188.0,0.506370929683813
12063,44.3,2.2,Havelland,7.5,74.3,9.2,289.0,2012.0,27.62,77.8,82.1,1804.8,85.4,878.1,482.0,7.7,90.0,31.0,21.3,89.54615384615391,152457.0,0.5072971395213081
12064,45.4,2.1,Märkisch Oderland,7.9,50.3,10.3,273.0,2222.0,35.03,77.8,83.3,2010.1,85.1,783.3,476.0,4.5,87.0,35.3,21.5,89.7368421052631,187374.0,0.5044296433870229
12065,44.5,2.1,Oberhavel,7.4,51.6,9.1,351.0,2361.0,44.1533333333333,77.9,82.4,2190.8,82.8,1074.6,641.0,8.1,113.0,49.9,21.1,88.5066666666667,200807.0,0.507626726159945
12066,47.4,2.0,Oberspreewald-Lausitz,9.7,35.5,14.2,132.0,2275.0,30.961666666666694,74.9,81.8,2088.8,72.2,803.7,450.0,-5.0,92.0,46.0,28.9,84.92727272727271,117943.0,0.511153692885546
12067,46.3,2.1,Oder-Spree,8.7,74.5,9.7,205.0,2303.0,26.545,77.4,82.9,2141.6,85.3,818.7,453.0,3.1,79.0,76.8,18.3,89.8833333333333,178176.0,0.507660964439655
12068,45.9,2.1,Ostprignitz-Ruppin,9.2,66.5,11.3,95.0,2095.0,68.45,76.1,81.9,1990.7,89.8,615.1,422.0,1.2,39.0,119.9,17.8,89.11,100242.0,0.502763312783065
12069,44.3,2.3,Potsdam-Mittelmark,6.5,62.4,6.9,255.0,2225.0,26.0483333333333,78.8,83.5,2139.0,87.2,898.9,543.0,8.6,80.0,33.4,25.4,92.0157894736842,202816.0,0.506079402019565
12070,47.6,2.0,Prignitz,11.6,55.2,13.4,52.0,2042.0,66.2533333333333,75.6,81.2,1933.6,90.9,527.1,406.0,-2.4,36.0,46.0,20.2,89.6272727272727,80276.0,0.507860381683193
12071,47.1,2.2,Spree-Neiße,8.1,98.7,10.6,119.0,2335.0,20.376666666666697,76.1,82.3,2096.5,80.4,731.5,526.0,-4.4,71.0,45.8,28.2,88.57272727272729,122523.0,0.506941553830709
12072,44.5,2.1,Teltow-Fläming,9.4,94.4,7.9,308.0,2307.0,46.101666666666695,77.9,82.8,2269.8,87.2,782.7,742.0,6.4,77.0,31.1,27.9,88.74285714285709,159255.0,0.504926061976076
12073,46.7,2.0,Uckermark,12.1,64.7,16.0,89.0,2109.0,58.048333333333304,75.9,82.4,2014.5,87.1,603.9,414.0,-3.0,39.0,62.2,14.7,87.0153846153846,124682.0,0.5072985675558621
13003,43.9,1.8,"KS Rostock, Hansestadt",10.9,56.9,12.2,256.0,2577.0,2.9583333333333304,77.3,83.7,2267.3,47.6,2826.3,476.0,5.8,1126.0,73.0,28.8,55.2,200266.0,0.5100765981244939
13004,45.5,1.8,Schwerin,12.5,37.9,12.1,172.0,2620.0,2.13666666666667,75.6,82.7,2286.3,36.7,2282.1,523.0,5.9,706.0,159.5,31.8,58.1,91293.0,0.5263163659864389
14511,46.7,1.8,"Chemnitz, Stadt",11.9,67.2,11.0,485.0,2421.0,1.5341666666666698,77.5,83.2,2157.6,53.8,2482.4,523.0,7.7,1103.0,95.6,34.9,58.1,240253.0,0.517904042821526
14521,46.8,2.1,Erzgebirgskreis,7.7,136.3,9.4,267.0,1962.0,31.643333333333306,77.2,83.4,1845.7,85.1,1589.4,360.0,-3.5,191.0,59.3,25.9,77.7020833333333,361791.0,0.5120774148610661
14522,46.7,2.1,Mittelsachsen,9.4,94.1,9.0,271.0,2038.0,28.835,77.7,83.8,1983.9,87.0,1357.4,448.0,-2.8,148.0,46.1,31.1,83.1933333333333,322078.0,0.50688342575401
14523,47.6,2.0,Vogtlandkreis,7.2,101.3,9.0,207.0,2031.0,15.590833333333302,76.8,82.9,1941.7,85.9,1485.2,419.0,-1.8,165.0,73.1,37.6,82.37307692307691,240052.0,0.517033809341309
14524,47.3,2.0,Zwickau,9.6,128.3,9.0,343.0,2284.0,11.44,77.2,83.2,2110.8,79.6,1957.3,485.0,-1.9,343.0,63.5,32.5,78.5260869565218,335220.0,0.5166129705864799
14612,42.6,1.9,"Dresden, Stadt",8.5,115.5,9.5,740.0,2782.0,1.5766666666666698,79.8,84.9,2369.5,55.1,3983.2,538.0,9.7,1634.0,68.7,35.4,55.2,512354.0,0.511568173567494
14625,46.3,2.2,Bautzen,8.5,51.3,10.0,207.0,2078.0,14.496666666666698,77.2,83.9,1974.9,80.9,1218.6,436.0,-3.3,128.0,57.5,26.7,89.3581395348837,315174.0,0.506631257654502
14626,47.5,2.1,Görlitz,10.7,72.6,12.7,154.0,2000.0,27.6183333333333,76.8,82.7,1933.3,79.8,974.2,377.0,-3.3,124.0,74.5,27.9,86.95714285714291,269647.0,0.5123513334099771
14627,46.4,2.1,Meißen,8.4,128.9,9.8,271.0,2209.0,28.6716666666667,78.1,84.0,2093.0,84.3,1359.1,465.0,0.2,168.0,49.5,26.8,85.056,247054.0,0.5096051875298521
14628,46.3,2.1,Sächsische Schweiz-Osterzgebirge,9.5,90.7,9.1,308.0,2065.0,24.5466666666667,78.4,84.1,1946.0,88.3,1578.5,418.0,2.6,149.0,52.6,32.6,82.0227272727273,246818.0,0.5082976120056071
14713,43.5,1.8,"Leipzig, Stadt",13.4,87.4,12.0,754.0,2549.0,1.585,77.7,83.3,2227.5,41.7,3484.3,508.0,20.3,1831.0,73.5,34.2,53.7,502979.0,0.520347767998266
14729,46.2,2.1,Leipzig,8.3,121.5,9.8,331.0,2049.0,22.684166666666695,77.6,83.5,1987.1,76.5,1164.2,452.0,0.0,156.0,43.6,30.7,84.1592592592593,262214.0,0.510754574507845
14730,46.0,2.1,Nordsachsen,12.5,92.4,11.3,229.0,2148.0,37.393333333333295,77.2,82.7,2056.8,85.2,946.4,436.0,-1.2,98.0,72.6,29.0,87.9666666666667,201165.0,0.50727512241195
15001,48.1,1.9,"Dessau-Roßlau, Stadt",11.5,91.8,12.3,213.0,2427.0,2.05,76.6,81.4,2184.7,75.6,1627.5,451.0,-2.7,339.0,114.0,40.2,76.2,86030.0,0.5176915029640821
15002,44.3,1.8,"Halle (Saale), Stadt",11.6,98.1,12.4,456.0,2621.0,1.58,76.6,82.2,2174.7,42.7,3243.7,396.0,6.0,1722.0,127.7,29.0,55.6,229153.0,0.5258495415726611
15003,44.7,1.8,"Magdeburg, Landeshauptstadt",10.9,115.2,11.8,357.0,2543.0,1.85166666666667,76.8,83.1,2172.7,47.0,2533.1,519.0,7.0,1156.0,100.6,40.1,63.8,228144.0,0.5151483273721861
15081,45.1,2.2,Altmarkkreis Salzwedel,13.0,94.5,9.7,84.0,2046.0,50.2133333333333,75.2,81.3,1945.6,91.4,532.0,454.0,-2.5,38.0,50.0,33.3,90.1166666666667,88241.0,0.501036932945003
15082,47.0,2.0,Anhalt-Bitterfeld,11.5,91.8,11.8,202.0,2108.0,21.128333333333305,75.6,81.8,2061.9,83.8,931.2,450.0,-4.6,114.0,53.9,25.7,87.45,172127.0,0.512423966025086
15083,45.1,2.2,Börde,8.7,108.2,8.4,174.0,2300.0,24.9858333333333,76.2,82.7,2121.8,88.1,749.2,637.0,-1.4,73.0,37.1,33.5,89.3846153846154,176048.0,0.503692174861401
15084,47.4,2.1,Burgenlandkreis,11.7,79.1,12.9,255.0,2209.0,27.690833333333305,76.6,82.8,2042.0,83.0,972.5,432.0,-1.8,130.0,58.5,29.5,83.03636363636359,189729.0,0.510169768459223
15085,47.0,2.0,Harz,8.0,102.8,9.8,169.0,2232.0,46.3066666666667,75.8,82.0,1994.4,88.5,1059.8,414.0,-2.3,104.0,74.8,31.2,85.97857142857141,226495.0,0.51312832512859
15086,46.2,2.1,Jerichower Land,12.3,85.8,10.2,138.0,2157.0,27.7616666666667,75.8,81.2,2037.1,88.9,673.6,439.0,-1.5,58.0,82.8,36.2,89.725,93849.0,0.5036601348975479
15087,47.8,2.1,Mansfeld-Südharz,15.5,96.1,14.6,167.0,2083.0,42.278333333333286,76.2,82.1,1892.3,86.4,853.8,342.0,-4.0,98.0,54.9,24.2,90.08181818181819,147887.0,0.508482828105243
15088,45.9,2.2,Saalekreis,9.3,79.1,10.3,299.0,2336.0,17.4033333333333,76.4,82.9,2174.3,80.3,852.1,599.0,-2.9,130.0,34.8,19.4,87.79333333333332,191681.0,0.5074420521595779
15089,47.1,2.0,Salzlandkreis,12.1,73.8,12.2,201.0,2250.0,29.818333333333307,74.9,81.5,1965.1,82.2,1009.5,407.0,-4.0,138.0,74.4,37.8,85.8,205458.0,0.5128347399468499
15090,45.6,2.1,Stendal,12.8,101.6,14.1,77.0,2144.0,64.4866666666667,75.2,81.4,1933.4,88.9,625.6,368.0,-5.2,47.0,90.2,34.1,88.3444444444445,119204.0,0.506090399651018
15091,47.4,2.1,Wittenberg,10.0,90.6,11.1,136.0,2088.0,40.615,75.9,81.9,1996.1,88.6,773.2,480.0,-2.5,67.0,48.2,25.4,90.2888888888889,132994.0,0.510767403040739
16051,43.5,1.9,"KS Erfurt, Landeshauptstadt",8.3,78.6,9.4,348.0,2516.0,1.635,77.8,82.9,2249.8,69.0,2750.2,520.0,7.6,764.0,80.7,34.3,65.2,200868.0,0.5195551307326199
16052,47.5,1.8,"Gera, Stadt",7.5,83.3,12.2,302.0,2212.0,1.605,76.3,82.0,2061.0,74.8,2620.9,427.0,1.9,621.0,101.9,28.6,60.6,96067.0,0.522302143295825
16053,41.7,1.9,KS Jena,4.4,49.2,7.1,282.0,2819.0,2.1475,79.0,84.0,2438.4,72.0,3886.6,586.0,3.5,943.0,133.5,37.0,64.6,105739.0,0.507362467963571
16054,48.6,1.9,"Suhl, Stadt",9.1,83.2,8.0,178.0,2323.0,40.220833333333296,75.0,79.6,2126.1,80.0,1828.2,539.0,-0.1,352.0,164.9,23.2,78.0,36960.0,0.516801948051948
16055,43.0,1.9,"Weimar, Stadt",7.9,68.8,9.5,263.0,2638.0,18.6316666666667,77.6,82.3,2185.0,68.5,2818.3,421.0,2.7,751.0,87.4,29.6,65.1,62764.0,0.520473519852145
16056,45.9,1.9,"Eisenach, Stadt",7.5,49.4,9.4,181.0,2528.0,44.5191666666667,74.3,80.2,2210.3,79.0,2197.6,492.0,5.8,402.0,96.5,33.3,63.8,41753.0,0.5164179819414171
16061,43.7,2.5,Eichsfeld,5.7,20.4,6.7,167.0,2123.0,39.25416666666671,78.3,83.2,1926.9,89.1,1158.9,410.0,-3.2,107.0,44.2,19.7,92.3461538461538,102257.0,0.49929100208298705
16062,45.9,2.1,Nordhausen,10.5,51.8,10.5,143.0,2269.0,57.7333333333333,75.8,81.6,2043.2,86.1,1162.5,393.0,-1.5,119.0,119.2,29.0,90.1,87210.0,0.506799678935902
16063,45.6,2.3,Wartburgkreis,7.5,49.4,6.3,156.0,2244.0,49.1233333333333,77.0,82.4,2168.5,88.0,1109.3,498.0,-2.3,96.0,41.6,23.6,91.4842105263158,128719.0,0.5004000963338749
16064,45.1,2.2,Unstrut-Hainich-Kreis,10.8,69.6,11.2,163.0,2044.0,45.0075,76.3,82.1,1932.8,88.3,1236.4,380.0,-1.3,106.0,116.6,27.0,91.87692307692308,106122.0,0.507199261227644
16065,46.6,2.2,Kyffhäuserkreis,9.0,74.5,12.5,145.0,2182.0,42.49,74.7,79.9,2005.8,89.0,884.9,348.0,-2.5,74.0,67.0,21.5,91.3090909090909,80053.0,0.504728117622075
16066,46.2,2.2,Schmalkalden-Meiningen,9.1,83.2,6.9,153.0,2130.0,51.3766666666667,76.6,82.1,1991.4,87.5,1115.2,428.0,-0.9,103.0,68.4,23.1,90.2266666666667,127622.0,0.5020137593831789
16067,45.6,2.1,Gotha,6.4,68.9,8.0,203.0,2229.0,25.518333333333306,77.0,82.3,2067.4,87.4,1396.9,436.0,2.4,145.0,39.0,27.6,89.54,136330.0,0.5067336609697061
16068,45.2,2.2,Sömmerda,9.9,68.3,10.0,192.0,2101.0,22.746666666666695,75.3,81.2,1983.3,89.6,1075.4,446.0,-1.3,87.0,0.0,19.5,92.48,71865.0,0.5019967995547211
16069,45.4,2.4,Hildburghausen,5.5,52.0,6.0,148.0,2046.0,29.1683333333333,76.3,81.9,1960.7,89.9,833.5,400.0,-3.1,69.0,87.1,29.0,91.5083333333334,66369.0,0.5013937229730749
16070,45.6,2.1,Ilm-Kreis,9.2,58.3,8.7,197.0,2295.0,25.106666666666694,76.6,82.1,2137.8,88.0,1332.1,492.0,0.5,129.0,53.0,27.3,87.72307692307692,110361.0,0.502097661311514
16071,44.7,2.2,Weimarer Land,7.9,68.8,7.3,231.0,2144.0,17.27,77.1,81.8,2074.5,88.8,1070.6,465.0,-0.7,102.0,136.5,27.3,90.0666666666667,82643.0,0.5058867659692899
16072,47.1,2.1,Sonneberg,6.1,58.3,5.0,169.0,2140.0,28.115,75.1,80.8,1957.5,90.7,1727.3,464.0,-3.0,131.0,67.1,26.2,88.55555555555559,58943.0,0.510764637022208
16073,47.6,2.1,Saalfeld-Rudolstadt,9.4,76.6,8.6,168.0,2245.0,44.868333333333304,75.9,82.5,2058.7,89.1,1330.0,433.0,-2.1,106.0,90.3,25.5,86.74,113267.0,0.510298674812611
16074,45.8,2.2,Saale-Holzland-Kreis,8.7,68.8,7.5,227.0,2098.0,15.566666666666698,78.3,83.2,2015.4,89.3,1193.3,432.0,-0.8,103.0,79.1,24.3,86.43,84802.0,0.503525860239145
16075,46.3,2.2,Saale-Orla-Kreis,5.8,60.7,7.6,159.0,2047.0,31.516666666666694,76.4,82.1,1923.5,89.5,1001.8,437.0,-3.8,72.0,14.5,23.6,88.5133333333333,85806.0,0.508157937673356
16076,47.6,2.1,Greiz,7.5,83.3,9.1,240.0,2033.0,14.308333333333302,77.3,82.4,1948.6,87.2,1147.8,396.0,-4.2,120.0,43.3,30.4,85.95,105332.0,0.509294421448373
16077,48.1,2.0,Altenburger Land,6.3,107.2,12.0,305.0,2001.0,23.2291666666667,76.9,82.4,1910.4,84.0,1383.6,368.0,-4.1,163.0,65.4,29.2,81.7,96737.0,0.511965432047717
